datetime,DOsp_1,error_1,error_2,NH4,NO3,P,I,D,Cntrb. P,Cntrb. I,Cntrb. D
2019-08-28 18:27:00,0.3,2.1,2.1,12.7,10.6,0.1,0.002,0.1,0,0,0
2019-08-28 18:27:00,0.3,2.0924,2.1,12.7115,10.6191,0.1,0.002,0.1,-0.0008,0.0042,-0.0008
2019-08-28 18:28:00,0.3,2.087,2.0924,12.706,10.619,0.1,0.002,0.1,-0.0005,0.0042,0.0002
2019-08-28 18:29:00,0.3,2.0974,2.087,12.7116,10.6142,0.1,0.002,0.1,0.001,0.0042,0.0016
2019-08-28 18:30:00,0.2941,2.0525,2.0974,12.685,10.6324,0.1,0.002,0.1,-0.0045,0.0041,-0.0055
2019-08-28 18:31:00,0.3,2.0433,2.0525,12.6897,10.6464,0.1,0.002,0.1,-0.0009,0.0041,0.0036
2019-08-28 18:32:00,0.2981,2.0093,2.0433,12.6788,10.6695,0.1,0.002,0.1,-0.0034,0.004,-0.0025
2019-08-28 18:33:00,0.2975,1.9694,2.0093,12.6624,10.6929,0.1,0.002,0.1,-0.004,0.0039,-0.0006
2019-08-28 18:34:00,0.3,1.9481,1.9694,12.6457,10.6976,0.1,0.002,0.1,-0.0021,0.0039,0.0019
2019-08-28 18:35:00,0.3,1.9446,1.9481,12.6462,10.7016,0.1,0.002,0.1,-0.0004,0.0039,0.0018
2019-08-28 18:36:00,0.2951,1.8996,1.9446,12.62,10.7204,0.1,0.002,0.1,-0.0045,0.0038,-0.0042
2019-08-28 18:37:00,0.2995,1.8801,1.8996,12.6142,10.7342,0.1,0.002,0.1,-0.002,0.0038,0.0025
2019-08-28 18:38:00,0.2983,1.8458,1.8801,12.6033,10.7575,0.1,0.002,0.1,-0.0034,0.0037,-0.0015
2019-08-28 18:39:00,0.2973,1.8056,1.8458,12.5819,10.7763,0.1,0.002,0.1,-0.004,0.0036,-0.0006
2019-08-28 18:40:00,0.2959,1.761,1.8056,12.5656,10.8046,0.1,0.002,0.1,-0.0045,0.0035,-0.0004
2019-08-28 18:41:00,0.3,1.7513,1.761,12.555,10.8037,0.1,0.002,0.1,-0.001,0.0035,0.0035
2019-08-28 18:42:00,0.2933,1.6959,1.7513,12.5277,10.8318,0.1,0.002,0.1,-0.0055,0.0034,-0.0046
2019-08-28 18:43:00,0.2971,1.6707,1.6959,12.5164,10.8456,0.1,0.002,0.1,-0.0025,0.0033,0.003
2019-08-28 18:44:00,0.2922,1.6172,1.6707,12.5009,10.8838,0.1,0.002,0.1,-0.0054,0.0032,-0.0028
2019-08-28 18:45:00,0.3,1.6168,1.6172,12.4953,10.8785,0.1,0.002,0.1,-0.0,0.0032,0.0053
2019-08-28 18:46:00,0.289,1.5461,1.6168,12.4578,10.9117,0.1,0.002,0.1,-0.0071,0.0031,-0.007
2019-08-28 18:47:00,0.2972,1.5365,1.5461,12.4525,10.916,0.1,0.002,0.1,-0.001,0.0031,0.0061
2019-08-28 18:48:00,0.2955,1.5081,1.5365,12.4473,10.9392,0.1,0.002,0.1,-0.0028,0.003,-0.0019
2019-08-28 18:49:00,0.2911,1.4574,1.5081,12.4202,10.9628,0.1,0.002,0.1,-0.0051,0.0029,-0.0022
2019-08-28 18:50:00,0.2835,1.3802,1.4574,12.3723,10.992,0.1,0.002,0.1,-0.0077,0.0028,-0.0026
2019-08-28 18:51:00,0.2889,1.3552,1.3802,12.3561,11.0009,0.1,0.002,0.1,-0.0025,0.0027,0.0052
2019-08-28 18:52:00,0.2952,1.3608,1.3552,12.3618,11.001,0.1,0.002,0.1,0.0006,0.0027,0.0031
2019-08-28 18:53:00,0.2942,1.345,1.3608,12.3507,11.0057,0.1,0.002,0.1,-0.0016,0.0027,-0.0021
2019-08-28 18:54:00,0.2886,1.2961,1.345,12.3252,11.0291,0.1,0.002,0.1,-0.0049,0.0026,-0.0033
2019-08-28 18:55:00,0.294,1.286,1.2961,12.3247,11.0388,0.1,0.002,0.1,-0.001,0.0026,0.0039
2019-08-28 18:56:00,0.2938,1.267,1.286,12.3199,11.0529,0.1,0.002,0.1,-0.0019,0.0025,-0.0009
2019-08-28 18:57:00,0.294,1.2463,1.267,12.3039,11.0576,0.1,0.002,0.1,-0.0021,0.0025,-0.0002
2019-08-28 18:58:00,0.2926,1.2166,1.2463,12.2932,11.0767,0.1,0.002,0.1,-0.003,0.0024,-0.0009
2019-08-28 18:59:00,0.2867,1.1604,1.2166,12.261,11.1006,0.1,0.002,0.1,-0.0056,0.0023,-0.0026
2019-08-28 19:00:00,0.2929,1.1516,1.1604,12.2614,11.1098,0.1,0.002,0.1,-0.0009,0.0023,0.0047
2019-08-28 19:01:00,0.287,1.1067,1.1516,12.2406,11.1339,0.1,0.002,0.1,-0.0045,0.0022,-0.0036
2019-08-28 19:02:00,0.2773,1.0256,1.1067,12.1983,11.1727,0.1,0.002,0.1,-0.0081,0.0021,-0.0036
2019-08-28 19:03:00,0.2842,1.0097,1.0256,12.1823,11.1726,0.1,0.002,0.1,-0.0016,0.002,0.0065
2019-08-28 19:04:00,0.2819,0.9802,1.0097,12.1668,11.1866,0.1,0.002,0.1,-0.0029,0.002,-0.0014
2019-08-28 19:05:00,0.2746,0.9196,0.9802,12.1357,11.2161,0.1,0.002,0.1,-0.0061,0.0018,-0.0031
2019-08-28 19:06:00,0.2692,0.8536,0.9196,12.1036,11.25,0.1,0.002,0.1,-0.0066,0.0017,-0.0005
2019-08-28 19:07:00,0.2756,0.8442,0.8536,12.1036,11.2595,0.1,0.002,0.1,-0.0009,0.0017,0.0057
2019-08-28 19:08:00,0.2745,0.8255,0.8442,12.0992,11.2737,0.1,0.002,0.1,-0.0019,0.0017,-0.0009
2019-08-28 19:09:00,0.2687,0.7792,0.8255,12.078,11.2988,0.1,0.002,0.1,-0.0046,0.0016,-0.0028
2019-08-28 19:10:00,0.2647,0.7289,0.7792,12.0467,11.3178,0.1,0.002,0.1,-0.005,0.0015,-0.0004
2019-08-28 19:11:00,0.2632,0.6892,0.7289,12.0366,11.3473,0.1,0.002,0.1,-0.004,0.0014,0.0011
2019-08-28 19:12:00,0.2604,0.6489,0.6892,12.011,11.362,0.1,0.002,0.1,-0.004,0.0013,-0.0001
2019-08-28 19:13:00,0.2637,0.6389,0.6489,12.0006,11.3617,0.1,0.002,0.1,-0.001,0.0013,0.003
2019-08-28 19:14:00,0.2588,0.6036,0.6389,11.9799,11.3763,0.1,0.002,0.1,-0.0035,0.0012,-0.0025
2019-08-28 19:15:00,0.2596,0.584,0.6036,11.9747,11.3908,0.1,0.002,0.1,-0.002,0.0012,0.0016
2019-08-28 19:16:00,0.2484,0.5129,0.584,11.9332,11.4203,0.1,0.002,0.1,-0.0071,0.001,-0.0052
2019-08-28 19:17:00,0.2503,0.4822,0.5129,11.9124,11.4302,0.1,0.002,0.1,-0.0031,0.001,0.004
2019-08-28 19:18:00,0.2432,0.4269,0.4822,11.8869,11.46,0.1,0.002,0.1,-0.0055,0.0009,-0.0025
2019-08-28 19:19:00,0.2454,0.4064,0.4269,11.8712,11.4648,0.1,0.002,0.1,-0.0021,0.0008,0.0035
2019-08-28 19:20:00,0.2453,0.3917,0.4064,11.8562,11.4645,0.1,0.002,0.1,-0.0015,0.0008,0.0006
2019-08-28 19:21:00,0.2415,0.3618,0.3917,11.8466,11.4848,0.1,0.002,0.1,-0.003,0.0007,-0.0015
2019-08-28 19:22:00,0.2409,0.3405,0.3618,11.8352,11.4947,0.1,0.002,0.1,-0.0021,0.0007,0.0009
2019-08-28 19:23:00,0.2398,0.3211,0.3405,11.8202,11.4991,0.1,0.002,0.1,-0.0019,0.0006,0.0002
2019-08-28 19:24:00,0.2321,0.2704,0.3211,11.7945,11.5242,0.1,0.002,0.1,-0.0051,0.0005,-0.0031
2019-08-28 19:25:00,0.2338,0.2512,0.2704,11.7853,11.5341,0.1,0.002,0.1,-0.0019,0.0005,0.0032
2019-08-28 19:26:00,0.2262,0.2017,0.2512,11.7549,11.5532,0.1,0.002,0.1,-0.0049,0.0004,-0.003
2019-08-28 19:27:00,0.2336,0.2119,0.2017,11.7652,11.5533,0.1,0.002,0.1,0.001,0.0004,0.006
2019-08-28 19:28:00,0.227,0.1823,0.2119,11.7501,11.5678,0.1,0.002,0.1,-0.003,0.0004,-0.004
2019-08-28 19:29:00,0.2253,0.1573,0.1823,11.7348,11.5775,0.1,0.002,0.1,-0.0025,0.0003,0.0005
2019-08-28 19:30:00,0.2284,0.1585,0.1573,11.7403,11.5818,0.1,0.002,0.1,0.0001,0.0003,0.0026
2019-08-28 19:31:00,0.2214,0.1228,0.1585,11.73,11.6073,0.1,0.002,0.1,-0.0036,0.0002,-0.0037
2019-08-28 19:32:00,0.2192,0.0931,0.1228,11.7047,11.6116,0.1,0.002,0.1,-0.003,0.0002,0.0006
2019-08-28 19:33:00,0.2212,0.0874,0.0931,11.6992,11.6118,0.1,0.002,0.1,-0.0006,0.0002,0.0024
2019-08-28 19:34:00,0.2159,0.0575,0.0874,11.6793,11.6217,0.1,0.002,0.1,-0.003,0.0001,-0.0024
2019-08-28 19:35:00,0.2077,0.0016,0.0575,11.6437,11.6421,0.1,0.002,0.1,-0.0056,0.0,-0.0026
2019-08-28 19:36:00,0.2044,-0.0424,0.0016,11.6292,11.6716,0.1,0.002,0.1,-0.0044,-0.0001,0.0012
2019-08-28 19:37:00,0.2026,-0.0725,-0.0424,11.6139,11.6864,0.1,0.002,0.1,-0.003,-0.0001,0.0014
2019-08-28 19:38:00,0.2024,-0.0878,-0.0725,11.6091,11.6969,0.1,0.002,0.1,-0.0015,-0.0002,0.0015
2019-08-28 19:39:00,0.206,-0.0766,-0.0878,11.5996,11.6761,0.1,0.002,0.1,0.0011,-0.0002,0.0027
2019-08-28 19:40:00,0.2008,-0.0961,-0.0766,11.5842,11.6803,0.1,0.002,0.1,-0.0019,-0.0002,-0.0031
2019-08-28 19:41:00,0.1985,-0.1163,-0.0961,11.5693,11.6856,0.1,0.002,0.1,-0.002,-0.0002,-0.0001
2019-08-28 19:42:00,0.1859,-0.1875,-0.1163,11.5339,11.7213,0.1,0.002,0.1,-0.0071,-0.0004,-0.0051
2019-08-28 19:43:00,0.1889,-0.206,-0.1875,11.5245,11.7306,0.1,0.002,0.1,-0.0019,-0.0004,0.0053
2019-08-28 19:44:00,0.1791,-0.2614,-0.206,11.4998,11.7613,0.1,0.002,0.1,-0.0055,-0.0005,-0.0037
2019-08-28 19:45:00,0.1728,-0.3173,-0.2614,11.4698,11.787,0.1,0.002,0.1,-0.0056,-0.0006,-0.0
2019-08-28 19:46:00,0.179,-0.3113,-0.3173,11.4699,11.7812,0.1,0.002,0.1,0.0006,-0.0006,0.0062
2019-08-28 19:47:00,0.1738,-0.331,-0.3113,11.4601,11.791,0.1,0.002,0.1,-0.002,-0.0007,-0.0026
2019-08-28 19:48:00,0.164,-0.386,-0.331,11.4303,11.8163,0.1,0.002,0.1,-0.0055,-0.0008,-0.0035
2019-08-28 19:49:00,0.1638,-0.4103,-0.386,11.4111,11.8214,0.1,0.002,0.1,-0.0024,-0.0008,0.0031
2019-08-28 19:50:00,0.1594,-0.4398,-0.4103,11.3966,11.8364,0.1,0.002,0.1,-0.003,-0.0009,-0.0005
2019-08-28 19:51:00,0.1563,-0.4655,-0.4398,11.3808,11.8463,0.1,0.002,0.1,-0.0026,-0.0009,0.0004
2019-08-28 19:52:00,0.1558,-0.4759,-0.4655,11.3758,11.8516,0.1,0.002,0.1,-0.001,-0.001,0.0015
2019-08-28 19:53:00,0.149,-0.5102,-0.4759,11.3563,11.8664,0.1,0.002,0.1,-0.0034,-0.001,-0.0024
2019-08-28 19:54:00,0.1402,-0.5657,-0.5102,11.3217,11.8874,0.1,0.002,0.1,-0.0055,-0.0011,-0.0021
2019-08-28 19:55:00,0.1407,-0.585,-0.5657,11.3172,11.9022,0.1,0.002,0.1,-0.0019,-0.0012,0.0036
2019-08-28 19:56:00,0.1313,-0.6351,-0.585,11.2925,11.9276,0.1,0.002,0.1,-0.005,-0.0013,-0.0031
2019-08-28 19:57:00,0.1188,-0.7154,-0.6351,11.2539,11.9693,0.1,0.002,0.1,-0.008,-0.0014,-0.003
2019-08-28 19:58:00,0.1255,-0.7148,-0.7154,11.2438,11.9585,0.1,0.002,0.1,0.0001,-0.0014,0.0081
2019-08-28 19:59:00,0.1174,-0.7478,-0.7148,11.2104,11.9582,0.1,0.002,0.1,-0.0033,-0.0015,-0.0034
2019-08-28 20:00:00,0.1143,-0.772,-0.7478,11.1959,11.9679,0.1,0.002,0.1,-0.0024,-0.0015,0.0009
2019-08-28 20:01:00,0.1092,-0.8018,-0.772,11.1712,11.973,0.1,0.002,0.1,-0.003,-0.0016,-0.0006
2019-08-28 20:02:00,0.1066,-0.8212,-0.8018,11.162,11.9832,0.1,0.002,0.1,-0.0019,-0.0016,0.001
2019-08-28 20:03:00,0.0877,-0.9161,-0.8212,11.1133,12.0295,0.1,0.002,0.1,-0.0095,-0.0018,-0.0076
2019-08-28 20:04:00,0.0894,-0.9458,-0.9161,11.089,12.0348,0.1,0.002,0.1,-0.003,-0.0019,0.0065
2019-08-28 20:05:00,0.0878,-0.9592,-0.9458,11.0804,12.0396,0.1,0.002,0.1,-0.0013,-0.0019,0.0016
2019-08-28 20:06:00,0.0769,-1.0102,-0.9592,11.0554,12.0656,0.1,0.002,0.1,-0.0051,-0.002,-0.0038
2019-08-28 20:07:00,0.0771,-1.0245,-1.0102,11.0461,12.0705,0.1,0.002,0.1,-0.0014,-0.002,0.0037
2019-08-28 20:08:00,0.0677,-1.068,-1.0245,11.0285,12.0965,0.1,0.002,0.1,-0.0044,-0.0021,-0.0029
2019-08-28 20:09:00,0.0717,-1.059,-1.068,11.0371,12.0962,0.1,0.002,0.1,0.0009,-0.0021,0.0052
2019-08-28 20:10:00,0.0587,-1.1086,-1.059,11.0083,12.1169,0.1,0.002,0.1,-0.005,-0.0022,-0.0059
2019-08-28 20:11:00,0.0555,-1.1378,-1.1086,10.9948,12.1326,0.1,0.002,0.1,-0.0029,-0.0023,0.002
2019-08-28 20:12:00,0.0516,-1.1603,-1.1378,10.9713,12.1316,0.1,0.002,0.1,-0.0023,-0.0023,0.0007
2019-08-28 20:13:00,0.0442,-1.1965,-1.1603,10.9615,12.158,0.1,0.002,0.1,-0.0036,-0.0024,-0.0014
2019-08-28 20:14:00,0.0375,-1.2356,-1.1965,10.9279,12.1634,0.1,0.002,0.1,-0.0039,-0.0025,-0.0003
2019-08-28 20:15:00,0.0389,-1.2356,-1.2356,10.9326,12.1682,0.1,0.002,0.1,0.0,-0.0025,0.0039
2019-08-28 20:16:00,0.0314,-1.2605,-1.2356,10.9286,12.1891,0.1,0.002,0.1,-0.0025,-0.0025,-0.0025
2019-08-28 20:17:00,0.0237,-1.2987,-1.2605,10.8905,12.1892,0.1,0.002,0.1,-0.0038,-0.0026,-0.0013
2019-08-28 20:18:00,0.0232,-1.3072,-1.2987,10.8812,12.1884,0.1,0.002,0.1,-0.0008,-0.0026,0.003
2019-08-28 20:19:00,0.02,-1.3167,-1.3072,10.8717,12.1884,0.1,0.002,0.1,-0.0009,-0.0026,-0.0001
2019-08-28 20:20:00,0.02,-1.3449,-1.3167,10.8485,12.1934,0.1,0.002,0.1,-0.0028,-0.0027,-0.0019
2019-08-28 20:21:00,0.02,-1.3901,-1.3449,10.829,12.2191,0.1,0.002,0.1,-0.0045,-0.0028,-0.0017
2019-08-28 20:22:00,0.02,-1.4239,-1.3901,10.8112,12.2351,0.1,0.002,0.1,-0.0034,-0.0028,0.0011
2019-08-28 20:23:00,0.02,-1.449,-1.4239,10.8016,12.2507,0.1,0.002,0.1,-0.0025,-0.0029,0.0009
2019-08-28 20:24:00,0.02,-1.4933,-1.449,10.7782,12.2715,0.1,0.002,0.1,-0.0044,-0.003,-0.0019
2019-08-28 20:25:00,0.0209,-1.4961,-1.4933,10.7646,12.2607,0.1,0.002,0.1,-0.0003,-0.003,0.0041
2019-08-28 20:26:00,0.02,-1.5263,-1.4961,10.7552,12.2815,0.1,0.002,0.1,-0.003,-0.0031,-0.0027
2019-08-28 20:27:00,0.02,-1.5361,-1.5263,10.7455,12.2816,0.1,0.002,0.1,-0.001,-0.0031,0.002
2019-08-28 20:28:00,0.02,-1.5833,-1.5361,10.7135,12.2968,0.1,0.002,0.1,-0.0047,-0.0032,-0.0037
2019-08-28 20:29:00,0.02,-1.6119,-1.5833,10.6898,12.3017,0.1,0.002,0.1,-0.0029,-0.0032,0.0019
2019-08-28 20:30:00,0.02,-1.622,-1.6119,10.6902,12.3122,0.1,0.002,0.1,-0.001,-0.0032,0.0018
2019-08-28 20:31:00,0.02,-1.6495,-1.622,10.6624,12.312,0.1,0.002,0.1,-0.0028,-0.0033,-0.0017
2019-08-28 20:32:00,0.0205,-1.6445,-1.6495,10.662,12.3065,0.1,0.002,0.1,0.0005,-0.0033,0.0032
2019-08-28 20:33:00,0.02,-1.6433,-1.6445,10.6571,12.3004,0.1,0.002,0.1,0.0001,-0.0033,-0.0004
2019-08-28 20:34:00,0.02,-1.712,-1.6433,10.6204,12.3324,0.1,0.002,0.1,-0.0069,-0.0034,-0.007
2019-08-28 20:35:00,0.02,-1.7353,-1.712,10.6071,12.3424,0.1,0.002,0.1,-0.0023,-0.0035,0.0045
2019-08-28 20:36:00,0.02,-1.7455,-1.7353,10.5973,12.3428,0.1,0.002,0.1,-0.001,-0.0035,0.0013
2019-08-28 20:37:00,0.02,-1.7533,-1.7455,10.5883,12.3416,0.1,0.002,0.1,-0.0008,-0.0035,0.0002
2019-08-28 20:38:00,0.02,-1.796,-1.7533,10.5564,12.3524,0.1,0.002,0.1,-0.0043,-0.0036,-0.0035
2019-08-28 20:39:00,0.02,-1.8113,-1.796,10.5522,12.3635,0.1,0.002,0.1,-0.0015,-0.0036,0.0027
2019-08-28 20:40:00,0.02,-1.8098,-1.8113,10.5529,12.3627,0.1,0.002,0.1,0.0002,-0.0036,0.0017
2019-08-28 20:41:00,0.02,-1.8523,-1.8098,10.5207,12.373,0.1,0.002,0.1,-0.0043,-0.0037,-0.0044
2019-08-28 20:42:00,0.0206,-1.8519,-1.8523,10.5156,12.3675,0.1,0.002,0.1,0.0,-0.0037,0.0043
2019-08-28 20:43:00,0.02,-1.8746,-1.8519,10.4979,12.3725,0.1,0.002,0.1,-0.0023,-0.0037,-0.0023
2019-08-28 20:44:00,0.02,-1.9038,-1.8746,10.4795,12.3833,0.1,0.002,0.1,-0.0029,-0.0038,-0.0007
2019-08-28 20:45:00,0.02,-1.9023,-1.9038,10.4703,12.3725,0.1,0.002,0.1,0.0002,-0.0038,0.0031
2019-08-28 20:46:00,0.02,-1.9473,-1.9023,10.4567,12.404,0.1,0.002,0.1,-0.0045,-0.0039,-0.0047
2019-08-28 20:47:00,0.02,-1.9694,-1.9473,10.434,12.4034,0.1,0.002,0.1,-0.0022,-0.0039,0.0023
2019-08-28 20:48:00,0.02,-1.9827,-1.9694,10.4204,12.4031,0.1,0.002,0.1,-0.0013,-0.004,0.0009
2019-08-28 20:49:00,0.02,-2.0278,-1.9827,10.4023,12.4301,0.1,0.002,0.1,-0.0045,-0.0041,-0.0032
2019-08-28 20:50:00,0.02,-2.0452,-2.0278,10.3843,12.4295,0.1,0.002,0.1,-0.0017,-0.0041,0.0028
2019-08-28 20:51:00,0.02,-2.0678,-2.0452,10.3663,12.4341,0.1,0.002,0.1,-0.0023,-0.0041,-0.0005
2019-08-28 20:52:00,0.02,-2.0711,-2.0678,10.3623,12.4334,0.1,0.002,0.1,-0.0003,-0.0041,0.0019
2019-08-28 20:53:00,0.02,-2.0898,-2.0711,10.3436,12.4334,0.1,0.002,0.1,-0.0019,-0.0042,-0.0015
2019-08-28 20:54:00,0.02,-2.1117,-2.0898,10.3267,12.4384,0.1,0.002,0.1,-0.0022,-0.0042,-0.0003
2019-08-28 20:55:00,0.02,-2.1199,-2.1117,10.313,12.4329,0.1,0.002,0.1,-0.0008,-0.0042,0.0014
2019-08-28 20:56:00,0.02,-2.1102,-2.1199,10.3224,12.4325,0.1,0.002,0.1,0.001,-0.0042,0.0018
2019-08-28 20:57:00,0.02,-2.1777,-2.1102,10.2816,12.4593,0.1,0.002,0.1,-0.0067,-0.0044,-0.0077
2019-08-28 20:58:00,0.0204,-2.1876,-2.1777,10.2769,12.4645,0.1,0.002,0.1,-0.001,-0.0044,0.0058
2019-08-28 20:59:00,0.02,-2.1984,-2.1876,10.2597,12.4581,0.1,0.002,0.1,-0.0011,-0.0044,-0.0001
2019-08-28 21:00:00,0.02,-2.2226,-2.1984,10.2461,12.4687,0.1,0.002,0.1,-0.0024,-0.0044,-0.0013
2019-08-28 21:01:00,0.02,-2.2458,-2.2226,10.2282,12.4739,0.1,0.002,0.1,-0.0023,-0.0045,0.0001
2019-08-28 21:02:00,0.02,-2.2541,-2.2458,10.2195,12.4737,0.1,0.002,0.1,-0.0008,-0.0045,0.0015
2019-08-28 21:03:00,0.02,-2.3064,-2.2541,10.1886,12.4951,0.1,0.002,0.1,-0.0052,-0.0046,-0.0044
2019-08-28 21:04:00,0.0211,-2.3042,-2.3064,10.1847,12.489,0.1,0.002,0.1,0.0002,-0.0046,0.0054
2019-08-28 21:05:00,0.02,-2.3321,-2.3042,10.1621,12.4942,0.1,0.002,0.1,-0.0028,-0.0047,-0.003
2019-08-28 21:06:00,0.02,-2.3411,-2.3321,10.1531,12.4942,0.1,0.002,0.1,-0.0009,-0.0047,0.0019
2019-08-28 21:07:00,0.02,-2.3742,-2.3411,10.1356,12.5098,0.1,0.002,0.1,-0.0033,-0.0047,-0.0024
2019-08-28 21:08:00,0.02,-2.3878,-2.3742,10.1268,12.5146,0.1,0.002,0.1,-0.0014,-0.0048,0.0019
2019-08-28 21:09:00,0.02,-2.3838,-2.3878,10.109,12.4928,0.1,0.002,0.1,0.0004,-0.0048,0.0018
2019-08-28 21:10:00,0.02,-2.3932,-2.3838,10.0997,12.4929,0.1,0.002,0.1,-0.0009,-0.0048,-0.0013
2019-08-28 21:11:00,0.02,-2.4562,-2.3932,10.0692,12.5254,0.1,0.002,0.1,-0.0063,-0.0049,-0.0054
2019-08-28 21:12:00,0.02,-2.4682,-2.4562,10.0565,12.5247,0.1,0.002,0.1,-0.0012,-0.0049,0.0051
2019-08-28 21:13:00,0.02,-2.4655,-2.4682,10.0486,12.5141,0.1,0.002,0.1,0.0003,-0.0049,0.0015
2019-08-28 21:14:00,0.02,-2.4872,-2.4655,10.0311,12.5183,0.1,0.002,0.1,-0.0022,-0.005,-0.0024
2019-08-28 21:15:00,0.02,-2.5009,-2.4872,10.0226,12.5235,0.1,0.002,0.1,-0.0014,-0.005,0.0008
2019-08-28 21:16:00,0.02,-2.5179,-2.5009,10.0051,12.523,0.1,0.002,0.1,-0.0017,-0.005,-0.0003
2019-08-28 21:17:00,0.02,-2.5469,-2.5179,9.9922,12.5391,0.1,0.002,0.1,-0.0029,-0.0051,-0.0012
2019-08-28 21:18:00,0.02,-2.571,-2.5469,9.9783,12.5494,0.1,0.002,0.1,-0.0024,-0.0051,0.0005
2019-08-28 21:19:00,0.0259,-2.5282,-2.571,9.9831,12.5112,0.1,0.002,0.1,0.0043,-0.0051,0.0067
2019-08-28 21:20:00,0.02,-2.5645,-2.5282,9.9569,12.5215,0.1,0.002,0.1,-0.0036,-0.0051,-0.0079
2019-08-28 21:21:00,0.02,-2.6393,-2.5645,9.9093,12.5486,0.1,0.002,0.1,-0.0075,-0.0053,-0.0039
2019-08-28 21:22:00,0.021,-2.6452,-2.6393,9.8921,12.5373,0.1,0.002,0.1,-0.0006,-0.0053,0.0069
2019-08-28 21:23:00,0.02,-2.6433,-2.6452,9.888,12.5313,0.1,0.002,0.1,0.0002,-0.0053,0.0008
2019-08-28 21:24:00,0.02,-2.6378,-2.6433,9.8879,12.5256,0.1,0.002,0.1,0.0006,-0.0053,0.0004
2019-08-28 21:25:00,0.02,-2.6608,-2.6378,9.8751,12.5359,0.1,0.002,0.1,-0.0023,-0.0053,-0.0029
2019-08-28 21:26:00,0.02,-2.6942,-2.6608,9.8581,12.5523,0.1,0.002,0.1,-0.0033,-0.0054,-0.001
2019-08-28 21:27:00,0.02,-2.715,-2.6942,9.8366,12.5516,0.1,0.002,0.1,-0.0021,-0.0054,0.0013
2019-08-28 21:28:00,0.0205,-2.6959,-2.715,9.845,12.5409,0.1,0.002,0.1,0.0019,-0.0054,0.004
2019-08-28 21:29:00,0.02,-2.6819,-2.6959,9.8365,12.5184,0.1,0.002,0.1,0.0014,-0.0054,-0.0005
2019-08-28 21:30:00,0.02,-2.687,-2.6819,9.8366,12.5236,0.1,0.002,0.1,-0.0005,-0.0054,-0.0019
2019-08-28 21:31:00,0.02,-2.6861,-2.687,9.8372,12.5233,0.1,0.002,0.1,0.0001,-0.0054,0.0006
2019-08-28 21:32:00,0.02,-2.6765,-2.6861,9.8415,12.5179,0.1,0.002,0.1,0.001,-0.0054,0.0009
2019-08-28 21:33:00,0.02,-2.706,-2.6765,9.8336,12.5396,0.1,0.002,0.1,-0.003,-0.0054,-0.0039
2019-08-28 21:34:00,0.02,-2.7389,-2.706,9.811,12.5499,0.1,0.002,0.1,-0.0033,-0.0055,-0.0003
2019-08-28 21:35:00,0.02,-2.7377,-2.7389,9.8119,12.5495,0.1,0.002,0.1,0.0001,-0.0055,0.0034
2019-08-28 21:36:00,0.02,-2.7459,-2.7377,9.8032,12.549,0.1,0.002,0.1,-0.0008,-0.0055,-0.0009
2019-08-28 21:37:00,0.02,-2.7545,-2.7459,9.7829,12.5373,0.1,0.002,0.1,-0.0009,-0.0055,-0.0
2019-08-28 21:38:00,0.02,-2.7829,-2.7545,9.7652,12.5481,0.1,0.002,0.1,-0.0028,-0.0056,-0.002
2019-08-28 21:39:00,0.02,-2.7873,-2.7829,9.7609,12.5482,0.1,0.002,0.1,-0.0004,-0.0056,0.0024
2019-08-28 21:40:00,0.02,-2.7905,-2.7873,9.757,12.5475,0.1,0.002,0.1,-0.0003,-0.0056,0.0001
2019-08-28 21:41:00,0.02,-2.7943,-2.7905,9.7529,12.5471,0.1,0.002,0.1,-0.0004,-0.0056,-0.0001
2019-08-28 21:42:00,0.02,-2.802,-2.7943,9.7446,12.5466,0.1,0.002,0.1,-0.0008,-0.0056,-0.0004
2019-08-28 21:43:00,0.02,-2.8105,-2.802,9.736,12.5465,0.1,0.002,0.1,-0.0009,-0.0056,-0.0001
2019-08-28 21:44:00,0.02,-2.7994,-2.8105,9.7357,12.5351,0.1,0.002,0.1,0.0011,-0.0056,0.002
2019-08-28 21:45:00,0.02,-2.8226,-2.7994,9.7235,12.546,0.1,0.002,0.1,-0.0023,-0.0056,-0.0034
2019-08-28 21:46:00,0.02,-2.8198,-2.8226,9.715,12.5348,0.1,0.002,0.1,0.0003,-0.0056,0.0026
2019-08-28 21:47:00,0.02,-2.7918,-2.8198,9.7266,12.5184,0.1,0.002,0.1,0.0028,-0.0056,0.0025
2019-08-28 21:48:00,0.02,-2.8092,-2.7918,9.7145,12.5237,0.1,0.002,0.1,-0.0017,-0.0056,-0.0045
2019-08-28 21:49:00,0.02,-2.8351,-2.8092,9.7107,12.5458,0.1,0.002,0.1,-0.0026,-0.0057,-0.0009
2019-08-28 21:50:00,0.02,-2.8233,-2.8351,9.7107,12.534,0.1,0.002,0.1,0.0012,-0.0056,0.0038
2019-08-28 21:51:00,0.02,-2.8217,-2.8233,9.7067,12.5284,0.1,0.002,0.1,0.0002,-0.0056,-0.001
2019-08-28 21:52:00,0.02,-2.8288,-2.8217,9.694,12.5228,0.1,0.002,0.1,-0.0007,-0.0057,-0.0009
2019-08-28 21:53:00,0.02,-2.8256,-2.8288,9.6857,12.5113,0.1,0.002,0.1,0.0003,-0.0057,0.001
2019-08-28 21:54:00,0.02,-2.8252,-2.8256,9.6857,12.511,0.1,0.002,0.1,0.0,-0.0057,-0.0003
2019-08-28 21:55:00,0.02,-2.8249,-2.8252,9.6858,12.5108,0.1,0.002,0.1,0.0,-0.0056,-0.0
2019-08-28 21:56:00,0.02,-2.8242,-2.8249,9.686,12.5102,0.1,0.002,0.1,0.0001,-0.0056,0.0
2019-08-28 21:57:00,0.02,-2.8026,-2.8242,9.686,12.4886,0.1,0.002,0.1,0.0022,-0.0056,0.0021
2019-08-28 21:58:00,0.02,-2.8261,-2.8026,9.6733,12.4994,0.1,0.002,0.1,-0.0024,-0.0057,-0.0045
2019-08-28 21:59:00,0.02,-2.8492,-2.8261,9.6608,12.5099,0.1,0.002,0.1,-0.0023,-0.0057,0.0
2019-08-28 22:00:00,0.02,-2.8485,-2.8492,9.6607,12.5092,0.1,0.002,0.1,0.0001,-0.0057,0.0024
2019-08-28 22:01:00,0.02,-2.845,-2.8485,9.648,12.493,0.1,0.002,0.1,0.0004,-0.0057,0.0003
2019-08-28 22:02:00,0.02,-2.8165,-2.845,9.66,12.4765,0.1,0.002,0.1,0.0028,-0.0056,0.0025
2019-08-28 22:03:00,0.02,-2.8251,-2.8165,9.6563,12.4814,0.1,0.002,0.1,-0.0009,-0.0057,-0.0037
2019-08-28 22:04:00,0.02,-2.8314,-2.8251,9.6441,12.4756,0.1,0.002,0.1,-0.0006,-0.0057,0.0002
2019-08-28 22:05:00,0.02,-2.8398,-2.8314,9.6356,12.4754,0.1,0.002,0.1,-0.0008,-0.0057,-0.0002
2019-08-28 22:06:00,0.02,-2.8176,-2.8398,9.6356,12.4533,0.1,0.002,0.1,0.0022,-0.0056,0.0031
2019-08-28 22:07:00,0.02,-2.8545,-2.8176,9.6147,12.4693,0.1,0.002,0.1,-0.0037,-0.0057,-0.0059
2019-08-28 22:08:00,0.0224,-2.8324,-2.8545,9.6148,12.4472,0.1,0.002,0.1,0.0022,-0.0057,0.0059
2019-08-28 22:09:00,0.02,-2.8309,-2.8324,9.6106,12.4415,0.1,0.002,0.1,0.0001,-0.0057,-0.0021
2019-08-28 22:10:00,0.02,-2.8249,-2.8309,9.6108,12.4357,0.1,0.002,0.1,0.0006,-0.0056,0.0005
2019-08-28 22:11:00,0.02,-2.8137,-2.8249,9.6109,12.4246,0.1,0.002,0.1,0.0011,-0.0056,0.0005
2019-08-28 22:12:00,0.02,-2.8311,-2.8137,9.5984,12.4294,0.1,0.002,0.1,-0.0017,-0.0057,-0.0029
2019-08-28 22:13:00,0.02,-2.8461,-2.8311,9.5943,12.4404,0.1,0.002,0.1,-0.0015,-0.0057,0.0002
2019-08-28 22:14:00,0.02,-2.8587,-2.8461,9.5815,12.4402,0.1,0.002,0.1,-0.0013,-0.0057,0.0002
2019-08-28 22:15:00,0.024,-2.8218,-2.8587,9.5858,12.4076,0.05,0.001,0.1,0.0018,-0.0028,0.0049
2019-08-28 22:16:00,0.02,-2.8218,-2.8218,9.5858,12.4076,0.05,0.001,0.1,-0.0,-0.0028,-0.0037
2019-08-28 22:17:00,0.02,-2.8381,-2.8218,9.569,12.4071,0.05,0.001,0.1,-0.0008,-0.0028,-0.0016
2019-08-28 22:18:00,0.0231,-2.8094,-2.8381,9.5651,12.3744,0.05,0.001,0.1,0.0014,-0.0028,0.0045
2019-08-28 22:19:00,0.02,-2.8541,-2.8094,9.5524,12.4064,0.05,0.001,0.1,-0.0022,-0.0029,-0.0073
2019-08-28 22:20:00,0.0245,-2.8349,-2.8541,9.5608,12.3957,0.05,0.001,0.1,0.001,-0.0028,0.0064
2019-08-28 22:21:00,0.0211,-2.826,-2.8349,9.5527,12.3787,0.05,0.001,0.1,0.0004,-0.0028,-0.001
2019-08-28 22:22:00,0.02,-2.8386,-2.826,9.5401,12.3787,0.05,0.001,0.1,-0.0006,-0.0028,-0.0022
2019-08-28 22:23:00,0.024,-2.8016,-2.8386,9.5444,12.346,0.05,0.001,0.1,0.0018,-0.0028,0.005
2019-08-28 22:24:00,0.02,-2.7963,-2.8016,9.5443,12.3406,0.05,0.001,0.1,0.0003,-0.0028,-0.0032
2019-08-28 22:25:00,0.02,-2.7915,-2.7963,9.5324,12.3239,0.05,0.001,0.1,0.0002,-0.0028,-0.0001
2019-08-28 22:26:00,0.02,-2.7713,-2.7915,9.5364,12.3077,0.05,0.001,0.1,0.001,-0.0028,0.0015
2019-08-28 22:27:00,0.02,-2.7663,-2.7713,9.5362,12.3025,0.05,0.001,0.1,0.0002,-0.0028,-0.0015
2019-08-28 22:28:00,0.0201,-2.7438,-2.7663,9.5365,12.2802,0.05,0.001,0.1,0.0011,-0.0027,0.0018
2019-08-28 22:29:00,0.02,-2.7341,-2.7438,9.5407,12.2748,0.05,0.001,0.1,0.0005,-0.0027,-0.0013
2019-08-28 22:30:00,0.02,-2.7586,-2.7341,9.5156,12.2742,0.05,0.001,0.1,-0.0012,-0.0028,-0.0034
2019-08-28 22:31:00,0.02,-2.7623,-2.7586,9.5118,12.2741,0.05,0.001,0.1,-0.0002,-0.0028,0.0021
2019-08-28 22:32:00,0.02,-2.7705,-2.7623,9.5037,12.2742,0.05,0.001,0.1,-0.0004,-0.0028,-0.0005
2019-08-28 22:33:00,0.02,-2.7644,-2.7705,9.5033,12.2677,0.05,0.001,0.1,0.0003,-0.0028,0.0014
2019-08-28 22:34:00,0.02,-2.7452,-2.7644,9.4959,12.241,0.05,0.001,0.1,0.001,-0.0027,0.0013
2019-08-28 22:35:00,0.02,-2.7399,-2.7452,9.4957,12.2356,0.05,0.001,0.1,0.0003,-0.0027,-0.0014
2019-08-28 22:36:00,0.0243,-2.6898,-2.7399,9.5081,12.1979,0.05,0.001,0.1,0.0025,-0.0027,0.0045
2019-08-28 22:37:00,0.02,-2.6735,-2.6898,9.5086,12.182,0.05,0.001,0.1,0.0008,-0.0027,-0.0034
2019-08-28 22:38:00,0.02,-2.7209,-2.6735,9.4878,12.2087,0.05,0.001,0.1,-0.0024,-0.0027,-0.0064
2019-08-28 22:39:00,0.0295,-2.6715,-2.7209,9.5045,12.176,0.05,0.001,0.1,0.0025,-0.0027,0.0097
2019-08-28 22:40:00,0.0229,-2.6649,-2.6715,9.5052,12.1701,0.05,0.001,0.1,0.0003,-0.0027,-0.0043
2019-08-28 22:41:00,0.0242,-2.6341,-2.6649,9.5086,12.1427,0.05,0.001,0.1,0.0015,-0.0026,0.0024
2019-08-28 22:42:00,0.02,-2.6369,-2.6341,9.5008,12.1377,0.05,0.001,0.1,-0.0001,-0.0026,-0.0034
2019-08-28 22:43:00,0.02,-2.6546,-2.6369,9.4877,12.1423,0.05,0.001,0.1,-0.0009,-0.0027,-0.0015
2019-08-28 22:44:00,0.02,-2.6581,-2.6546,9.484,12.1422,0.05,0.001,0.1,-0.0002,-0.0027,0.0014
2019-08-28 22:45:00,0.0234,-2.6206,-2.6581,9.4892,12.1097,0.05,0.001,0.1,0.0019,-0.0026,0.0041
2019-08-28 22:46:00,0.022,-2.5875,-2.6206,9.5009,12.0884,0.05,0.001,0.1,0.0017,-0.0026,-0.0004
2019-08-28 22:47:00,0.02,-2.6003,-2.5875,9.4881,12.0885,0.05,0.001,0.1,-0.0006,-0.0026,-0.0046
2019-08-28 22:48:00,0.0225,-2.5753,-2.6003,9.4971,12.0724,0.05,0.001,0.1,0.0013,-0.0026,0.0038
2019-08-28 22:49:00,0.02,-2.5665,-2.5753,9.4898,12.0563,0.05,0.001,0.1,0.0004,-0.0026,-0.0016
2019-08-28 22:50:00,0.02,-2.5518,-2.5665,9.4933,12.0451,0.05,0.001,0.1,0.0007,-0.0026,0.0006
2019-08-28 22:51:00,0.0211,-2.5181,-2.5518,9.5057,12.0238,0.05,0.001,0.1,0.0017,-0.0025,0.0019
2019-08-28 22:52:00,0.02,-2.516,-2.5181,9.4972,12.0132,0.05,0.001,0.1,0.0001,-0.0025,-0.0032
2019-08-28 22:53:00,0.0204,-2.4952,-2.516,9.502,11.9972,0.05,0.001,0.1,0.001,-0.0025,0.0019
2019-08-28 22:54:00,0.02,-2.4739,-2.4952,9.5021,11.976,0.05,0.001,0.1,0.0011,-0.0025,0.0
2019-08-28 22:55:00,0.02,-2.477,-2.4739,9.4934,11.9704,0.05,0.001,0.1,-0.0002,-0.0025,-0.0024
2019-08-28 22:56:00,0.0228,-2.4442,-2.477,9.5102,11.9544,0.05,0.001,0.1,0.0016,-0.0024,0.0036
2019-08-28 22:57:00,0.02,-2.4451,-2.4442,9.4981,11.9433,0.05,0.001,0.1,-0.0,-0.0024,-0.0034
2019-08-28 22:58:00,0.0209,-2.4233,-2.4451,9.4938,11.9171,0.05,0.001,0.1,0.0011,-0.0024,0.0023
2019-08-28 22:59:00,0.02,-2.4062,-2.4233,9.4897,11.8959,0.05,0.001,0.1,0.0009,-0.0024,-0.0005
2019-08-28 23:00:00,0.02,-2.3856,-2.4062,9.4898,11.8754,0.05,0.001,0.1,0.001,-0.0024,0.0003
2019-08-28 23:01:00,0.0231,-2.3354,-2.3856,9.5027,11.8381,0.05,0.001,0.1,0.0025,-0.0023,0.003
2019-08-28 23:02:00,0.02,-2.3701,-2.3354,9.4781,11.8482,0.05,0.001,0.1,-0.0017,-0.0024,-0.0085
2019-08-28 23:03:00,0.0279,-2.3253,-2.3701,9.4864,11.8117,0.05,0.001,0.1,0.0022,-0.0023,0.0079
2019-08-28 23:04:00,0.0229,-2.3132,-2.3253,9.4877,11.801,0.05,0.001,0.1,0.0006,-0.0023,-0.0033
2019-08-28 23:05:00,0.028,-2.2564,-2.3132,9.5031,11.7595,0.05,0.001,0.1,0.0028,-0.0023,0.0045
2019-08-28 23:06:00,0.02,-2.2729,-2.2564,9.4914,11.7643,0.05,0.001,0.1,-0.0008,-0.0023,-0.0073
2019-08-28 23:07:00,0.021,-2.2623,-2.2729,9.4917,11.754,0.05,0.001,0.1,0.0005,-0.0023,0.0027
2019-08-28 23:08:00,0.0221,-2.2329,-2.2623,9.4953,11.7282,0.05,0.001,0.1,0.0015,-0.0022,0.0019
2019-08-28 23:09:00,0.02,-2.2177,-2.2329,9.4998,11.7175,0.05,0.001,0.1,0.0008,-0.0022,-0.0014
2019-08-28 23:10:00,0.0244,-2.164,-2.2177,9.5174,11.6815,0.05,0.001,0.1,0.0027,-0.0022,0.0038
2019-08-28 23:11:00,0.02,-2.175,-2.164,9.4963,11.6713,0.05,0.001,0.1,-0.0005,-0.0022,-0.0065
2019-08-28 23:12:00,0.02,-2.168,-2.175,9.4925,11.6606,0.05,0.001,0.1,0.0003,-0.0022,0.0018
2019-08-28 23:13:00,0.0236,-2.125,-2.168,9.5001,11.625,0.05,0.001,0.1,0.0022,-0.0021,0.0036
2019-08-28 23:14:00,0.02,-2.128,-2.125,9.4914,11.6194,0.05,0.001,0.1,-0.0002,-0.0021,-0.0046
2019-08-28 23:15:00,0.0229,-2.0968,-2.128,9.492,11.5888,0.05,0.001,0.1,0.0016,-0.0021,0.0034
2019-08-28 23:16:00,0.024,-2.0551,-2.0968,9.5131,11.5682,0.05,0.001,0.1,0.0021,-0.0021,0.001
2019-08-28 23:17:00,0.0217,-2.0293,-2.0551,9.5135,11.5427,0.05,0.001,0.1,0.0013,-0.002,-0.0016
2019-08-28 23:18:00,0.0213,-2.0017,-2.0293,9.5254,11.5271,0.05,0.001,0.1,0.0014,-0.002,0.0002
2019-08-28 23:19:00,0.02,-1.98,-2.0017,9.5216,11.5017,0.05,0.001,0.1,0.0011,-0.002,-0.0006
2019-08-28 23:20:00,0.02,-1.9689,-1.98,9.5178,11.4867,0.05,0.001,0.1,0.0006,-0.002,-0.0011
2019-08-28 23:21:00,0.0222,-1.9342,-1.9689,9.5216,11.4558,0.05,0.001,0.1,0.0017,-0.0019,0.0024
2019-08-28 23:22:00,0.0254,-1.8775,-1.9342,9.5429,11.4204,0.05,0.001,0.1,0.0028,-0.0019,0.0022
2019-08-28 23:23:00,0.0201,-1.8624,-1.8775,9.5429,11.4053,0.05,0.001,0.1,0.0008,-0.0019,-0.0042
2019-08-28 23:24:00,0.02,-1.8405,-1.8624,9.539,11.3795,0.05,0.001,0.1,0.0011,-0.0018,0.0007
2019-08-28 23:25:00,0.0202,-1.8126,-1.8405,9.5518,11.3643,0.05,0.001,0.1,0.0014,-0.0018,0.0006
2019-08-28 23:26:00,0.02,-1.7876,-1.8126,9.5519,11.3394,0.05,0.001,0.1,0.0013,-0.0018,-0.0003
2019-08-28 23:27:00,0.02,-1.7951,-1.7876,9.5438,11.3389,0.05,0.001,0.1,-0.0004,-0.0018,-0.0033
2019-08-28 23:28:00,0.0224,-1.772,-1.7951,9.5563,11.3283,0.05,0.001,0.1,0.0012,-0.0018,0.0031
2019-08-28 23:29:00,0.0254,-1.7252,-1.772,9.5735,11.2987,0.05,0.001,0.1,0.0023,-0.0017,0.0024
2019-08-28 23:30:00,0.02,-1.7295,-1.7252,9.5691,11.2987,0.05,0.001,0.1,-0.0002,-0.0017,-0.0051
2019-08-28 23:31:00,0.0242,-1.6932,-1.7295,9.57,11.2632,0.05,0.001,0.1,0.0018,-0.0017,0.0041
2019-08-28 23:32:00,0.021,-1.6793,-1.6932,9.5738,11.2531,0.05,0.001,0.1,0.0007,-0.0017,-0.0022
2019-08-28 23:33:00,0.0215,-1.6553,-1.6793,9.5827,11.238,0.05,0.001,0.1,0.0012,-0.0017,0.001
2019-08-28 23:34:00,0.0217,-1.6274,-1.6553,9.5911,11.2185,0.05,0.001,0.1,0.0014,-0.0016,0.0004
2019-08-28 23:35:00,0.0218,-1.5976,-1.6274,9.596,11.1935,0.05,0.001,0.1,0.0015,-0.0016,0.0002
2019-08-28 23:36:00,0.023,-1.5595,-1.5976,9.604,11.1635,0.05,0.001,0.1,0.0019,-0.0016,0.0008
2019-08-28 23:37:00,0.02,-1.5591,-1.5595,9.5997,11.1588,0.05,0.001,0.1,0.0,-0.0016,-0.0038
2019-08-28 23:38:00,0.0257,-1.5109,-1.5591,9.6083,11.1192,0.05,0.001,0.1,0.0024,-0.0015,0.0048
2019-08-28 23:39:00,0.02,-1.514,-1.5109,9.6,11.114,0.05,0.001,0.1,-0.0002,-0.0015,-0.0051
2019-08-28 23:40:00,0.0238,-1.4807,-1.514,9.6086,11.0893,0.05,0.001,0.1,0.0017,-0.0015,0.0036
2019-08-28 23:41:00,0.0246,-1.4433,-1.4807,9.6215,11.0647,0.05,0.001,0.1,0.0019,-0.0014,0.0004
2019-08-28 23:42:00,0.0265,-1.3962,-1.4433,9.6299,11.0261,0.05,0.001,0.1,0.0024,-0.0014,0.001
2019-08-28 23:43:00,0.0263,-1.3572,-1.3962,9.6345,10.9917,0.05,0.001,0.1,0.002,-0.0014,-0.0008
2019-08-28 23:44:00,0.0281,-1.3104,-1.3572,9.6473,10.9576,0.05,0.001,0.1,0.0023,-0.0013,0.0008
2019-08-28 23:45:00,0.0243,-1.2959,-1.3104,9.6474,10.9433,0.05,0.001,0.1,0.0007,-0.0013,-0.0032
2019-08-28 23:46:00,0.0224,-1.2906,-1.2959,9.6475,10.9382,0.05,0.001,0.1,0.0003,-0.0013,-0.0009
2019-08-28 23:47:00,0.029,-1.2349,-1.2906,9.6645,10.8994,0.05,0.001,0.1,0.0028,-0.0012,0.005
2019-08-28 23:48:00,0.0319,-1.1703,-1.2349,9.6857,10.8561,0.05,0.001,0.1,0.0032,-0.0012,0.0009
2019-08-28 23:49:00,0.0277,-1.1474,-1.1703,9.6945,10.8419,0.05,0.001,0.1,0.0011,-0.0011,-0.0042
2019-08-28 23:50:00,0.0273,-1.1273,-1.1474,9.6951,10.8224,0.05,0.001,0.1,0.001,-0.0011,-0.0003
2019-08-28 23:51:00,0.0345,-1.0591,-1.1273,9.7205,10.7796,0.05,0.001,0.1,0.0034,-0.0011,0.0048
2019-08-28 23:52:00,0.0368,-0.9916,-1.0591,9.7505,10.7421,0.05,0.001,0.1,0.0034,-0.001,-0.0001
2019-08-28 23:53:00,0.0306,-0.9812,-0.9916,9.7465,10.7277,0.05,0.001,0.1,0.0005,-0.001,-0.0057
2019-08-28 23:54:00,0.0341,-0.9449,-0.9812,9.7546,10.6995,0.05,0.001,0.1,0.0018,-0.0009,0.0026
2019-08-28 23:55:00,0.0378,-0.8902,-0.9449,9.7762,10.6664,0.05,0.001,0.1,0.0027,-0.0009,0.0018
2019-08-28 23:56:00,0.0357,-0.8622,-0.8902,9.7809,10.6431,0.05,0.001,0.1,0.0014,-0.0009,-0.0027
2019-08-28 23:57:00,0.0376,-0.8253,-0.8622,9.7892,10.6146,0.05,0.001,0.1,0.0018,-0.0008,0.0009
2019-08-28 23:58:00,0.0406,-0.7755,-0.8253,9.8063,10.5818,0.05,0.001,0.1,0.0025,-0.0008,0.0013
2019-08-28 23:59:00,0.05,-0.7966,-0.7755,9.7899,10.5865,0.05,0.001,0.1,-0.0011,-0.0008,-0.0071
