datetime,TresCon NH4-N,TresCon NOx-N,TresCon NO2-N
2019-10-09 00:00:06,30.32,3.08,
2019-10-09 00:05:03,,3.14,
2019-10-09 00:10:00,30.31,3.14,
2019-10-09 00:15:07,30.31,3.14,
2019-10-09 00:20:05,30.31,3.14,
2019-10-09 00:25:02,30.31,3.14,
2019-10-09 00:30:09,30.31,3.14,
2019-10-09 00:35:07,,3.19,
2019-10-09 00:40:04,30.24,3.19,
2019-10-09 00:45:01,30.24,3.19,
2019-10-09 00:50:08,30.24,3.19,
2019-10-09 00:55:05,30.24,3.19,
2019-10-09 01:00:02,30.24,3.19,
2019-10-09 01:05:00,,3.2,
2019-10-09 01:10:07,30.03,3.2,
2019-10-09 01:15:04,30.03,3.2,
2019-10-09 01:20:01,30.03,3.2,
2019-10-09 01:25:08,30.03,3.2,
2019-10-09 01:30:06,30.03,3.2,
2019-10-09 01:35:03,,3.22,
2019-10-09 01:40:00,30.16,3.22,
2019-10-09 01:45:08,30.16,3.22,
2019-10-09 01:50:04,30.16,3.22,
2019-10-09 01:55:02,30.16,3.22,
2019-10-09 02:00:09,30.16,3.22,
2019-10-09 02:05:06,,3.26,
2019-10-09 02:10:03,29.84,3.26,
2019-10-09 02:15:01,29.84,3.26,
2019-10-09 02:20:07,29.84,3.26,
2019-10-09 02:25:04,29.84,3.26,
2019-10-09 02:30:02,29.84,3.26,
2019-10-09 02:35:09,,3.25,
2019-10-09 02:40:06,30.12,3.25,
2019-10-09 02:45:04,30.12,3.25,
2019-10-09 02:50:01,30.12,3.25,
2019-10-09 02:55:08,30.12,3.25,
2019-10-09 03:00:05,30.12,3.25,
2019-10-09 03:05:03,,3.3,
2019-10-09 03:10:00,29.96,3.3,
2019-10-09 03:15:07,29.96,3.3,
2019-10-09 03:20:04,29.96,3.3,
2019-10-09 03:25:01,29.96,3.3,
2019-10-09 03:30:08,29.96,3.3,
2019-10-09 03:35:06,,3.33,
2019-10-09 03:40:03,30.03,3.33,
2019-10-09 03:45:01,30.03,3.33,
2019-10-09 03:50:08,30.03,3.33,
2019-10-09 03:55:05,30.03,3.33,
2019-10-09 04:00:02,30.03,3.33,
2019-10-09 04:05:00,,3.3,
2019-10-09 04:10:07,30.36,3.3,
2019-10-09 04:15:04,30.36,3.3,
2019-10-09 04:20:01,30.36,3.3,
2019-10-09 04:25:08,30.36,3.3,
2019-10-09 04:30:05,30.36,3.3,
2019-10-09 04:35:03,,3.38,
2019-10-09 04:40:00,30.11,3.38,
2019-10-09 04:45:07,30.11,3.38,
2019-10-09 04:50:05,30.11,3.38,
2019-10-09 04:55:02,30.11,3.38,
2019-10-09 05:00:09,30.11,3.38,
2019-10-09 05:05:07,,3.47,
2019-10-09 05:10:04,30.27,3.47,
2019-10-09 05:15:01,30.27,3.47,
2019-10-09 05:20:08,30.27,3.47,
2019-10-09 05:25:05,30.27,3.47,
2019-10-09 05:30:02,30.27,3.47,
2019-10-09 05:35:00,,3.39,
2019-10-09 05:40:07,30.32,3.39,
2019-10-09 05:45:04,30.32,3.39,
2019-10-09 05:50:01,30.32,3.39,
2019-10-09 05:55:08,30.32,3.39,
2019-10-09 06:00:05,30.32,3.39,
2019-10-09 06:05:03,,3.44,
2019-10-09 06:10:00,30.53,3.44,
2019-10-09 06:15:07,30.53,3.44,
2019-10-09 06:20:04,30.53,3.44,
2019-10-09 06:25:01,30.53,3.44,
2019-10-09 06:30:08,30.53,3.44,
2019-10-09 06:35:07,,3.48,
2019-10-09 06:40:04,30.86,3.48,
2019-10-09 06:45:01,30.86,3.48,
2019-10-09 06:50:08,30.86,3.48,
2019-10-09 06:55:05,30.86,3.48,
2019-10-09 07:00:02,30.86,3.48,
2019-10-09 07:05:09,,,
2019-10-09 07:10:06,,,
2019-10-09 07:15:03,,,
2019-10-09 07:20:00,,,
2019-10-09 07:25:07,,1.65,
2019-10-09 07:30:05,,1.65,
2019-10-09 07:35:03,,2.87,
2019-10-09 07:40:00,33.66,2.87,
2019-10-09 07:45:07,33.66,2.87,
2019-10-09 07:50:04,33.66,2.87,
2019-10-09 07:55:01,33.66,2.87,
2019-10-09 08:00:08,33.66,2.87,
2019-10-09 08:05:05,,3.11,
2019-10-09 08:10:03,33.72,3.11,
2019-10-09 08:15:00,33.72,3.11,
2019-10-09 08:20:07,33.72,3.11,
2019-10-09 08:25:04,33.72,3.11,
2019-10-09 08:30:01,33.72,3.11,
2019-10-09 08:35:09,,3.18,
2019-10-09 08:40:06,33.81,3.18,
2019-10-09 08:45:03,33.81,3.18,
2019-10-09 08:50:00,33.81,3.18,
2019-10-09 08:55:07,33.81,3.18,
2019-10-09 09:00:04,33.81,3.18,
2019-10-09 09:05:02,,3.16,
2019-10-09 09:10:09,34.24,3.16,
2019-10-09 09:15:06,34.24,3.16,
2019-10-09 09:20:03,34.24,3.16,
2019-10-09 09:25:01,34.24,3.16,
2019-10-09 09:30:07,34.24,3.16,
2019-10-09 09:35:05,,3.08,
2019-10-09 09:40:02,35.43,3.08,
2019-10-09 09:45:09,35.43,3.08,
2019-10-09 09:50:06,35.43,3.08,
2019-10-09 09:55:03,35.43,3.08,
2019-10-09 10:00:00,35.43,3.08,
2019-10-09 10:05:08,,3.11,
2019-10-09 10:10:05,35.61,3.11,
2019-10-09 10:15:02,35.61,3.11,
2019-10-09 10:20:09,35.61,3.11,
2019-10-09 10:25:06,35.61,3.11,
2019-10-09 10:30:04,35.61,3.11,
2019-10-09 10:35:01,,3.15,
2019-10-09 10:40:08,37.06,3.15,
2019-10-09 10:45:05,37.06,3.15,
2019-10-09 10:50:02,37.06,3.15,
2019-10-09 10:55:09,37.06,3.15,
2019-10-09 11:00:06,37.06,3.15,
2019-10-09 11:05:04,,3.2,
2019-10-09 11:10:01,37.71,3.2,
2019-10-09 11:15:08,37.71,3.2,
2019-10-09 11:20:05,37.71,3.2,
2019-10-09 11:25:03,37.71,3.2,
2019-10-09 11:30:00,37.71,3.2,
2019-10-09 11:35:07,,3.33,
2019-10-09 11:40:04,38.79,3.33,
2019-10-09 11:45:02,38.79,3.33,
2019-10-09 11:50:09,38.79,3.33,
2019-10-09 11:55:06,38.79,3.33,
2019-10-09 12:00:03,38.79,3.33,
2019-10-09 12:05:01,,3.38,
2019-10-09 12:10:08,39.06,3.38,
2019-10-09 12:15:05,39.06,3.38,
2019-10-09 12:20:02,39.06,3.38,
2019-10-09 12:25:09,39.06,3.38,
2019-10-09 12:30:06,39.06,3.38,
2019-10-09 12:35:05,,3.56,
2019-10-09 12:40:02,39.99,3.56,
2019-10-09 12:45:09,39.99,3.56,
2019-10-09 12:50:06,39.99,3.56,
2019-10-09 12:55:03,39.99,3.56,
2019-10-09 13:00:00,39.99,3.56,
2019-10-09 13:05:08,,3.65,
2019-10-09 13:10:05,40.33,3.65,
2019-10-09 13:15:02,40.33,3.65,
2019-10-09 13:20:09,40.33,3.65,
2019-10-09 13:25:06,40.33,3.65,
2019-10-09 13:30:04,40.33,3.65,
2019-10-09 13:35:01,,3.71,
2019-10-09 13:40:09,41.3,3.71,
2019-10-09 13:45:06,41.3,3.71,
2019-10-09 13:50:03,41.3,3.71,
2019-10-09 13:55:00,41.3,3.71,
2019-10-09 14:00:07,41.3,3.71,
2019-10-09 14:05:05,,3.48,
2019-10-09 14:10:02,40.99,3.48,
2019-10-09 14:15:09,40.99,3.48,
2019-10-09 14:20:06,40.99,3.48,
2019-10-09 14:25:03,40.99,3.48,
2019-10-09 14:30:00,40.99,3.48,
2019-10-09 14:35:08,,3.08,
2019-10-09 14:40:05,40.89,3.08,
2019-10-09 14:45:02,40.89,3.08,
2019-10-09 14:50:00,40.89,3.08,
2019-10-09 14:55:07,40.89,3.08,
2019-10-09 15:00:04,40.89,3.08,
2019-10-09 15:05:01,,3.01,
2019-10-09 15:10:08,40.45,3.01,
2019-10-09 15:15:05,40.45,3.01,
2019-10-09 15:20:03,40.45,3.01,
2019-10-09 15:25:00,40.45,3.01,
2019-10-09 15:30:07,40.45,3.01,
2019-10-09 15:35:04,,2.91,
2019-10-09 15:40:02,39.97,2.91,
2019-10-09 15:45:08,39.97,2.91,
2019-10-09 15:50:06,39.97,2.91,
2019-10-09 15:55:03,39.97,2.91,
2019-10-09 16:00:00,39.97,2.91,
2019-10-09 16:05:07,,2.95,
2019-10-09 16:10:04,39.4,2.95,
2019-10-09 16:15:01,39.4,2.95,
2019-10-09 16:20:09,39.4,2.95,
2019-10-09 16:25:06,39.4,2.95,
2019-10-09 16:30:03,39.4,2.95,
2019-10-09 16:35:00,,2.86,
2019-10-09 16:40:07,39.32,2.86,
2019-10-09 16:45:04,39.32,2.86,
2019-10-09 16:50:02,39.32,2.86,
2019-10-09 16:55:09,39.32,2.86,
2019-10-09 17:00:06,39.32,2.86,
2019-10-09 17:05:04,,2.93,
2019-10-09 17:10:01,39.21,2.93,
2019-10-09 17:15:08,39.21,2.93,
2019-10-09 17:20:05,39.21,2.93,
2019-10-09 17:25:02,39.21,2.93,
2019-10-09 17:30:09,39.21,2.93,
2019-10-09 17:35:07,,2.82,
2019-10-09 17:40:04,38.71,2.82,
2019-10-09 17:45:01,38.71,2.82,
2019-10-09 17:50:08,38.71,2.82,
2019-10-09 17:55:05,38.71,2.82,
2019-10-09 18:00:02,38.71,2.82,
2019-10-09 18:05:00,,2.85,
2019-10-09 18:10:07,38.13,2.85,
2019-10-09 18:15:04,38.13,2.85,
2019-10-09 18:20:01,38.13,2.85,
2019-10-09 18:25:08,38.13,2.85,
2019-10-09 18:30:06,38.13,2.85,
2019-10-09 18:35:04,,2.82,
2019-10-09 18:40:01,37.24,2.82,
2019-10-09 18:45:08,37.24,2.82,
2019-10-09 18:50:05,37.24,2.82,
2019-10-09 18:55:02,37.24,2.82,
2019-10-09 19:00:09,37.24,2.82,
2019-10-09 19:05:07,,2.88,
2019-10-09 19:10:04,36.72,2.88,
2019-10-09 19:15:01,36.72,2.88,
2019-10-09 19:20:08,36.72,2.88,
2019-10-09 19:25:05,36.72,2.88,
2019-10-09 19:30:02,36.72,2.88,
2019-10-09 19:35:00,,2.85,
2019-10-09 19:40:07,35.85,2.85,
2019-10-09 19:45:04,35.85,2.85,
2019-10-09 19:50:01,35.85,2.85,
2019-10-09 19:55:09,35.85,2.85,
2019-10-09 20:00:06,35.85,2.85,
2019-10-09 20:05:04,,2.86,
2019-10-09 20:10:01,35.5,2.86,
2019-10-09 20:15:08,35.5,2.86,
2019-10-09 20:20:05,35.5,2.86,
2019-10-09 20:25:02,35.5,2.86,
2019-10-09 20:30:09,35.5,2.86,
2019-10-09 20:35:07,,2.94,
2019-10-09 20:40:04,34.81,2.94,
2019-10-09 20:45:01,34.81,2.94,
2019-10-09 20:50:08,34.81,2.94,
2019-10-09 20:55:05,34.81,2.94,
2019-10-09 21:00:02,34.81,2.94,
2019-10-09 21:05:00,,2.91,
2019-10-09 21:10:07,34.5,2.91,
2019-10-09 21:15:04,34.5,2.91,
2019-10-09 21:20:01,34.5,2.91,
2019-10-09 21:25:08,34.5,2.91,
2019-10-09 21:30:05,34.5,2.91,
2019-10-09 21:35:03,,2.93,
2019-10-09 21:40:00,33.57,2.93,
2019-10-09 21:45:07,33.57,2.93,
2019-10-09 21:50:04,33.57,2.93,
2019-10-09 21:55:01,33.57,2.93,
2019-10-09 22:00:08,33.57,2.93,
2019-10-09 22:05:06,,2.87,
2019-10-09 22:10:03,32.72,2.87,
2019-10-09 22:15:00,32.72,2.87,
2019-10-09 22:20:07,32.72,2.87,
2019-10-09 22:25:04,32.72,2.87,
2019-10-09 22:30:01,32.72,2.87,
2019-10-09 22:35:09,,2.83,
2019-10-09 22:40:06,31.51,2.83,
2019-10-09 22:45:03,31.51,2.83,
2019-10-09 22:50:00,31.51,2.83,
2019-10-09 22:55:07,31.51,2.83,
2019-10-09 23:00:04,31.51,2.83,
2019-10-09 23:05:02,,2.84,
2019-10-09 23:10:09,30.72,2.84,
2019-10-09 23:15:06,30.72,2.84,
2019-10-09 23:20:03,30.72,2.84,
2019-10-09 23:25:00,30.72,2.84,
2019-10-09 23:30:07,30.72,2.84,
2019-10-09 23:35:05,,2.79,
2019-10-09 23:40:02,29.45,2.79,
2019-10-09 23:45:09,29.45,2.79,
2019-10-09 23:50:06,29.45,2.79,
2019-10-09 23:55:03,29.45,2.79,
2019-10-10 00:00:01,29.45,2.79,
2019-10-10 00:05:08,,2.73,
2019-10-10 00:10:05,28.46,2.73,
2019-10-10 00:15:03,28.46,2.73,
2019-10-10 00:20:00,28.46,2.73,
2019-10-10 00:25:07,28.46,2.73,
2019-10-10 00:30:04,28.46,2.73,
2019-10-10 00:35:02,,2.66,
2019-10-10 00:40:08,27.2,2.66,
2019-10-10 00:45:06,27.2,2.66,
2019-10-10 00:50:03,27.2,2.66,
2019-10-10 00:55:00,27.2,2.66,
2019-10-10 01:00:07,27.2,2.66,
2019-10-10 01:05:05,,2.58,
2019-10-10 01:10:02,26.62,2.58,
2019-10-10 01:15:09,26.62,2.58,
2019-10-10 01:20:06,26.62,2.58,
2019-10-10 01:25:03,26.62,2.58,
2019-10-10 01:30:00,26.62,2.58,
2019-10-10 01:35:08,,2.59,
2019-10-10 01:40:05,25.29,2.59,
2019-10-10 01:45:02,25.29,2.59,
2019-10-10 01:50:09,25.29,2.59,
2019-10-10 01:55:06,25.29,2.59,
2019-10-10 02:00:04,25.29,2.59,
2019-10-10 02:05:02,,2.43,
2019-10-10 02:10:09,24.75,2.43,
2019-10-10 02:15:06,24.75,2.43,
2019-10-10 02:20:03,24.75,2.43,
2019-10-10 02:25:00,24.75,2.43,
2019-10-10 02:30:07,24.75,2.43,
2019-10-10 02:35:05,,2.32,
2019-10-10 02:40:02,23.32,2.32,
2019-10-10 02:45:09,23.32,2.32,
2019-10-10 02:50:06,23.32,2.32,
2019-10-10 02:55:03,23.32,2.32,
2019-10-10 03:00:00,23.32,2.32,
2019-10-10 03:05:08,,2.27,
2019-10-10 03:10:06,22.85,2.27,
2019-10-10 03:15:03,22.85,2.27,
2019-10-10 03:20:00,22.85,2.27,
2019-10-10 03:25:07,22.85,2.27,
2019-10-10 03:30:04,22.85,2.27,
2019-10-10 03:35:02,,2.2,
2019-10-10 03:40:09,21.53,2.2,
2019-10-10 03:45:06,21.53,2.2,
2019-10-10 03:50:03,21.53,2.2,
2019-10-10 03:55:00,21.53,2.2,
2019-10-10 04:00:07,21.53,2.2,
2019-10-10 04:05:05,,2.22,
2019-10-10 04:10:03,21.0,2.22,
2019-10-10 04:15:00,21.0,2.22,
2019-10-10 04:20:07,21.0,2.22,
2019-10-10 04:25:04,21.0,2.22,
2019-10-10 04:30:01,21.0,2.22,
2019-10-10 04:35:09,,2.23,
2019-10-10 04:40:06,20.13,2.23,
2019-10-10 04:45:03,20.13,2.23,
2019-10-10 04:50:00,20.13,2.23,
2019-10-10 04:55:07,20.13,2.23,
2019-10-10 05:00:04,20.13,2.23,
2019-10-10 05:05:02,,2.2,
2019-10-10 05:10:09,19.91,2.2,
2019-10-10 05:15:06,19.91,2.2,
2019-10-10 05:20:03,19.91,2.2,
2019-10-10 05:25:00,19.91,2.2,
2019-10-10 05:30:07,19.91,2.2,
2019-10-10 05:35:06,,2.24,
2019-10-10 05:40:03,19.2,2.24,
2019-10-10 05:45:00,19.2,2.24,
2019-10-10 05:50:07,19.2,2.24,
2019-10-10 05:55:04,19.2,2.24,
2019-10-10 06:00:01,19.2,2.24,
2019-10-10 06:05:09,,2.18,
2019-10-10 06:10:06,19.35,2.18,
2019-10-10 06:15:03,19.35,2.18,
2019-10-10 06:20:00,19.35,2.18,
2019-10-10 06:25:07,19.35,2.18,
2019-10-10 06:30:04,19.35,2.18,
2019-10-10 06:35:02,,2.15,
2019-10-10 06:40:09,18.66,2.15,
2019-10-10 06:45:06,18.66,2.15,
2019-10-10 06:50:03,18.66,2.15,
2019-10-10 06:55:01,18.66,2.15,
2019-10-10 07:00:08,18.66,2.15,
2019-10-10 07:05:05,,,
2019-10-10 07:10:02,,,
2019-10-10 07:15:09,,,
2019-10-10 07:20:06,,,
2019-10-10 07:25:03,,0.95,
2019-10-10 07:30:00,,0.95,
2019-10-10 07:35:08,,1.74,
2019-10-10 07:40:05,19.46,1.74,
2019-10-10 07:45:02,19.46,1.74,
2019-10-10 07:50:09,19.46,1.74,
2019-10-10 07:55:06,19.46,1.74,
2019-10-10 08:00:03,19.46,1.74,
2019-10-10 08:05:01,,1.9,
2019-10-10 08:10:08,20.5,1.9,
2019-10-10 08:15:05,20.5,1.9,
2019-10-10 08:20:02,20.5,1.9,
2019-10-10 08:25:09,20.5,1.9,
2019-10-10 08:30:06,20.5,1.9,
2019-10-10 08:35:04,,2.06,
2019-10-10 08:40:01,21.62,2.06,
2019-10-10 08:45:08,21.62,2.06,
2019-10-10 08:50:05,21.62,2.06,
2019-10-10 08:55:03,21.62,2.06,
2019-10-10 09:00:00,21.62,2.06,
2019-10-10 09:05:08,,2.09,
2019-10-10 09:10:05,22.76,2.09,
2019-10-10 09:15:02,22.76,2.09,
2019-10-10 09:20:09,22.76,2.09,
2019-10-10 09:25:06,22.76,2.09,
2019-10-10 09:30:03,22.76,2.09,
2019-10-10 09:35:01,,2.15,
2019-10-10 09:40:08,23.92,2.15,
2019-10-10 09:45:05,23.92,2.15,
2019-10-10 09:50:02,23.92,2.15,
2019-10-10 09:55:09,23.92,2.15,
2019-10-10 10:00:06,23.92,2.15,
2019-10-10 10:05:04,,2.23,
2019-10-10 10:10:01,25.54,2.23,
2019-10-10 10:15:08,25.54,2.23,
2019-10-10 10:20:05,25.54,2.23,
2019-10-10 10:25:03,25.54,2.23,
2019-10-10 10:30:00,25.54,2.23,
2019-10-10 10:35:08,,2.28,
2019-10-10 10:40:05,27.1,2.28,
2019-10-10 10:45:02,27.1,2.28,
2019-10-10 10:50:09,27.1,2.28,
2019-10-10 10:55:06,27.1,2.28,
2019-10-10 11:00:03,27.1,2.28,
2019-10-10 11:05:01,,2.39,
2019-10-10 11:10:08,29.05,2.39,
2019-10-10 11:15:05,29.05,2.39,
2019-10-10 11:20:02,29.05,2.39,
2019-10-10 11:25:09,29.05,2.39,
2019-10-10 11:30:06,29.05,2.39,
2019-10-10 11:35:05,,2.47,
2019-10-10 11:40:02,30.46,2.47,
2019-10-10 11:45:09,30.46,2.47,
2019-10-10 11:50:06,30.46,2.47,
2019-10-10 11:55:03,30.46,2.47,
2019-10-10 12:00:00,30.46,2.47,
2019-10-10 12:05:07,,2.53,
2019-10-10 12:10:04,,2.53,
2019-10-10 12:15:02,,2.53,
2019-10-10 12:20:09,,2.53,
2019-10-10 12:25:06,,2.53,
2019-10-10 12:30:03,27.71,2.53,
2019-10-10 12:35:01,,2.6,
2019-10-10 12:40:08,28.52,2.6,
2019-10-10 12:45:05,28.52,2.6,
2019-10-10 12:50:03,28.52,2.6,
2019-10-10 12:55:00,28.52,2.6,
2019-10-10 13:00:07,28.52,2.6,
2019-10-10 13:05:04,,2.75,
2019-10-10 13:10:01,29.99,2.75,
2019-10-10 13:15:08,29.99,2.75,
2019-10-10 13:20:05,29.99,2.75,
2019-10-10 13:25:03,29.99,2.75,
2019-10-10 13:30:00,29.99,2.75,
2019-10-10 13:35:07,,2.82,
2019-10-10 13:40:04,31.42,2.82,
2019-10-10 13:45:02,31.42,2.82,
2019-10-10 13:50:09,31.42,2.82,
2019-10-10 13:55:06,31.42,2.82,
2019-10-10 14:00:03,31.42,2.82,
2019-10-10 14:05:01,,2.94,
2019-10-10 14:10:08,32.68,2.94,
2019-10-10 14:15:05,32.68,2.94,
2019-10-10 14:20:02,32.68,2.94,
2019-10-10 14:25:09,32.68,2.94,
2019-10-10 14:30:06,32.68,2.94,
2019-10-10 14:35:04,,2.96,
2019-10-10 14:40:01,33.12,2.96,
2019-10-10 14:45:08,33.12,2.96,
2019-10-10 14:50:05,33.12,2.96,
2019-10-10 14:55:02,33.12,2.96,
2019-10-10 15:00:09,33.12,2.96,
2019-10-10 15:05:07,,2.99,
2019-10-10 15:10:04,33.42,2.99,
2019-10-10 15:15:01,33.42,2.99,
2019-10-10 15:20:08,33.42,2.99,
2019-10-10 15:25:05,33.42,2.99,
2019-10-10 15:30:02,33.42,2.99,
2019-10-10 15:35:00,,2.91,
2019-10-10 15:40:07,33.68,2.91,
2019-10-10 15:45:04,33.68,2.91,
2019-10-10 15:50:01,33.68,2.91,
2019-10-10 15:55:08,33.68,2.91,
2019-10-10 16:00:05,33.68,2.91,
2019-10-10 16:05:03,,2.87,
2019-10-10 16:10:00,32.93,2.87,
2019-10-10 16:15:07,32.93,2.87,
2019-10-10 16:20:04,32.93,2.87,
2019-10-10 16:25:02,32.93,2.87,
2019-10-10 16:30:09,32.93,2.87,
2019-10-10 16:35:07,,2.85,
2019-10-10 16:40:04,32.95,2.85,
2019-10-10 16:45:01,32.95,2.85,
2019-10-10 16:50:08,32.95,2.85,
2019-10-10 16:55:05,32.95,2.85,
2019-10-10 17:00:02,32.95,2.85,
2019-10-10 17:05:00,,2.75,
2019-10-10 17:10:07,32.48,2.75,
2019-10-10 17:15:04,32.48,2.75,
2019-10-10 17:20:01,32.48,2.75,
2019-10-10 17:25:08,32.48,2.75,
2019-10-10 17:30:05,32.48,2.75,
2019-10-10 17:35:03,,2.75,
2019-10-10 17:40:00,33.31,2.75,
2019-10-10 17:45:07,33.31,2.75,
2019-10-10 17:50:04,33.31,2.75,
2019-10-10 17:55:01,33.31,2.75,
2019-10-10 18:00:08,33.31,2.75,
2019-10-10 18:05:06,,2.7,
2019-10-10 18:10:03,33.31,2.7,
2019-10-10 18:15:00,33.31,2.7,
2019-10-10 18:20:08,33.31,2.7,
2019-10-10 18:25:05,33.31,2.7,
2019-10-10 18:30:02,33.31,2.7,
2019-10-10 18:35:00,,2.7,
2019-10-10 18:40:07,33.29,2.7,
2019-10-10 18:45:04,33.29,2.7,
2019-10-10 18:50:01,33.29,2.7,
2019-10-10 18:55:08,33.29,2.7,
2019-10-10 19:00:05,33.29,2.7,
2019-10-10 19:05:03,,2.69,
2019-10-10 19:10:00,34.19,2.69,
2019-10-10 19:15:07,34.19,2.69,
2019-10-10 19:20:04,34.19,2.69,
2019-10-10 19:25:01,34.19,2.69,
2019-10-10 19:30:08,34.19,2.69,
2019-10-10 19:35:06,,2.72,
2019-10-10 19:40:03,34.94,2.72,
2019-10-10 19:45:00,34.94,2.72,
2019-10-10 19:50:07,34.94,2.72,
2019-10-10 19:55:05,34.94,2.72,
2019-10-10 20:00:02,34.94,2.72,
2019-10-10 20:05:00,,2.72,
2019-10-10 20:10:07,34.18,2.72,
2019-10-10 20:15:04,34.18,2.72,
2019-10-10 20:20:01,34.18,2.72,
2019-10-10 20:25:08,34.18,2.72,
2019-10-10 20:30:05,34.18,2.72,
2019-10-10 20:35:03,,2.68,
2019-10-10 20:40:00,35.09,2.68,
2019-10-10 20:45:07,35.09,2.68,
2019-10-10 20:50:04,35.09,2.68,
2019-10-10 20:55:01,35.09,2.68,
2019-10-10 21:00:08,35.09,2.68,
2019-10-10 21:05:06,,2.75,
2019-10-10 21:10:03,35.43,2.75,
2019-10-10 21:15:00,35.43,2.75,
2019-10-10 21:20:07,35.43,2.75,
2019-10-10 21:25:04,35.43,2.75,
2019-10-10 21:30:01,35.43,2.75,
2019-10-10 21:35:09,,2.73,
2019-10-10 21:40:06,34.96,2.73,
2019-10-10 21:45:03,34.96,2.73,
2019-10-10 21:50:00,34.96,2.73,
2019-10-10 21:55:07,34.96,2.73,
2019-10-10 22:00:04,34.96,2.73,
2019-10-10 22:05:02,,2.79,
2019-10-10 22:10:09,34.35,2.79,
2019-10-10 22:15:06,34.35,2.79,
2019-10-10 22:20:03,34.35,2.79,
2019-10-10 22:25:00,34.35,2.79,
2019-10-10 22:30:07,34.35,2.79,
2019-10-10 22:35:05,,2.8,
2019-10-10 22:40:02,34.89,2.8,
2019-10-10 22:45:09,34.89,2.8,
2019-10-10 22:50:06,34.89,2.8,
2019-10-10 22:55:03,34.89,2.8,
2019-10-10 23:00:00,34.89,2.8,
2019-10-10 23:05:07,,2.77,
2019-10-10 23:10:05,34.46,2.77,
2019-10-10 23:15:02,34.46,2.77,
2019-10-10 23:20:09,34.46,2.77,
2019-10-10 23:25:06,34.46,2.77,
2019-10-10 23:30:03,34.46,2.77,
2019-10-10 23:35:01,,2.81,
2019-10-10 23:40:08,34.36,2.81,
2019-10-10 23:45:05,34.36,2.81,
2019-10-10 23:50:02,34.36,2.81,
2019-10-10 23:55:09,34.36,2.81,
2019-10-11 00:00:06,34.36,2.81,
2019-10-11 00:05:04,,2.85,
2019-10-11 00:10:01,34.48,2.85,
2019-10-11 00:15:08,34.48,2.85,
2019-10-11 00:20:06,34.48,2.85,
2019-10-11 00:25:03,34.48,2.85,
2019-10-11 00:30:00,34.48,2.85,
2019-10-11 00:35:08,,2.74,
2019-10-11 00:40:05,34.94,2.74,
2019-10-11 00:45:02,34.94,2.74,
2019-10-11 00:50:09,34.94,2.74,
2019-10-11 00:55:06,34.94,2.74,
2019-10-11 01:00:03,34.94,2.74,
2019-10-11 01:05:01,,2.75,
2019-10-11 01:10:08,34.7,2.75,
2019-10-11 01:15:05,34.7,2.75,
2019-10-11 01:20:02,34.7,2.75,
2019-10-11 01:25:09,34.7,2.75,
2019-10-11 01:30:06,34.7,2.75,
2019-10-11 01:35:04,,2.77,
2019-10-11 01:40:01,33.94,2.77,
2019-10-11 01:45:08,33.94,2.77,
2019-10-11 01:50:06,33.94,2.77,
2019-10-11 01:55:03,33.94,2.77,
2019-10-11 02:00:00,33.94,2.77,
2019-10-11 02:05:08,,2.74,
2019-10-11 02:10:05,34.24,2.74,
2019-10-11 02:15:02,34.24,2.74,
2019-10-11 02:20:09,34.24,2.74,
2019-10-11 02:25:06,34.24,2.74,
2019-10-11 02:30:03,34.24,2.74,
2019-10-11 02:35:01,,2.73,
2019-10-11 02:40:09,34.48,2.73,
2019-10-11 02:45:06,34.48,2.73,
2019-10-11 02:50:03,34.48,2.73,
2019-10-11 02:55:00,34.48,2.73,
2019-10-11 03:00:07,34.48,2.73,
2019-10-11 03:05:05,,2.78,
2019-10-11 03:10:02,34.17,2.78,
2019-10-11 03:15:09,34.17,2.78,
2019-10-11 03:20:06,34.17,2.78,
2019-10-11 03:25:03,34.17,2.78,
2019-10-11 03:30:00,34.17,2.78,
2019-10-11 03:35:08,,2.81,
2019-10-11 03:40:05,34.6,2.81,
2019-10-11 03:45:02,34.6,2.81,
2019-10-11 03:50:09,34.6,2.81,
2019-10-11 03:55:06,34.6,2.81,
2019-10-11 04:00:03,34.6,2.81,
2019-10-11 04:05:01,,2.81,
2019-10-11 04:10:08,34.19,2.81,
2019-10-11 04:15:05,34.19,2.81,
2019-10-11 04:20:02,34.19,2.81,
2019-10-11 04:25:09,34.19,2.81,
2019-10-11 04:30:06,34.19,2.81,
2019-10-11 04:35:04,,2.81,
2019-10-11 04:40:01,33.79,2.81,
2019-10-11 04:45:08,33.79,2.81,
2019-10-11 04:50:05,33.79,2.81,
2019-10-11 04:55:02,33.79,2.81,
2019-10-11 05:00:00,33.79,2.81,
2019-10-11 05:05:07,,2.82,
2019-10-11 05:10:05,34.12,2.82,
2019-10-11 05:15:02,34.12,2.82,
2019-10-11 05:20:09,34.12,2.82,
2019-10-11 05:25:06,34.12,2.82,
2019-10-11 05:30:03,34.12,2.82,
2019-10-11 05:35:01,,2.81,
2019-10-11 05:40:08,34.01,2.81,
2019-10-11 05:45:05,34.01,2.81,
2019-10-11 05:50:02,34.01,2.81,
2019-10-11 05:55:09,34.01,2.81,
2019-10-11 06:00:06,34.01,2.81,
2019-10-11 06:05:04,,2.87,
2019-10-11 06:10:01,34.19,2.87,
2019-10-11 06:15:08,34.19,2.87,
2019-10-11 06:20:05,34.19,2.87,
2019-10-11 06:25:02,34.19,2.87,
2019-10-11 06:30:09,34.19,2.87,
2019-10-11 06:35:07,,2.87,
2019-10-11 06:40:04,33.82,2.87,
2019-10-11 06:45:01,33.82,2.87,
2019-10-11 06:50:08,33.82,2.87,
2019-10-11 06:55:05,33.82,2.87,
2019-10-11 07:00:02,33.82,2.87,
2019-10-11 07:05:09,,,
2019-10-11 07:10:06,,,
2019-10-11 07:15:03,,,
2019-10-11 07:20:00,,,
2019-10-11 07:25:08,,1.22,
2019-10-11 07:30:05,,1.22,
2019-10-11 07:35:03,,2.23,
2019-10-11 07:40:00,24.66,2.23,
2019-10-11 07:45:07,24.66,2.23,
2019-10-11 07:50:04,24.66,2.23,
2019-10-11 07:55:02,24.66,2.23,
2019-10-11 08:00:09,24.66,2.23,
2019-10-11 08:05:07,,2.5,
2019-10-11 08:10:04,25.12,2.5,
2019-10-11 08:15:01,25.12,2.5,
2019-10-11 08:20:08,25.12,2.5,
2019-10-11 08:25:05,25.12,2.5,
2019-10-11 08:30:02,25.12,2.5,
2019-10-11 08:35:01,,2.54,
2019-10-11 08:40:08,25.13,2.54,
2019-10-11 08:45:05,25.13,2.54,
2019-10-11 08:50:02,25.13,2.54,
2019-10-11 08:55:09,25.13,2.54,
2019-10-11 09:00:06,25.13,2.54,
2019-10-11 09:05:04,,2.62,
2019-10-11 09:10:01,25.35,2.62,
2019-10-11 09:15:08,25.35,2.62,
2019-10-11 09:20:05,25.35,2.62,
2019-10-11 09:25:02,25.35,2.62,
2019-10-11 09:30:09,25.35,2.62,
2019-10-11 09:35:07,,2.64,
2019-10-11 09:40:04,25.49,2.64,
2019-10-11 09:45:01,25.49,2.64,
2019-10-11 09:50:08,25.49,2.64,
2019-10-11 09:55:06,25.49,2.64,
2019-10-11 10:00:03,25.49,2.64,
2019-10-11 10:05:01,,2.6,
2019-10-11 10:10:08,25.96,2.6,
2019-10-11 10:15:05,25.96,2.6,
2019-10-11 10:20:02,25.96,2.6,
2019-10-11 10:25:09,25.96,2.6,
2019-10-11 10:30:06,25.96,2.6,
2019-10-11 10:35:05,,2.63,
2019-10-11 10:40:02,27.12,2.63,
2019-10-11 10:45:09,27.12,2.63,
2019-10-11 10:50:06,27.12,2.63,
2019-10-11 10:55:03,27.12,2.63,
2019-10-11 11:00:00,27.12,2.63,
2019-10-11 11:05:09,,2.76,
2019-10-11 11:10:06,27.97,2.76,
2019-10-11 11:15:04,27.97,2.76,
2019-10-11 11:20:01,27.97,2.76,
2019-10-11 11:25:08,27.97,0.62,
2019-10-11 11:30:05,27.97,0.62,
2019-10-11 11:35:04,,1.88,
2019-10-11 11:40:01,29.23,1.88,
2019-10-11 11:45:08,29.23,1.88,1.96
2019-10-11 11:50:05,29.23,1.88,1.96
2019-10-11 11:55:02,29.23,1.88,1.96
2019-10-11 12:00:09,29.23,1.88,1.95
2019-10-11 12:05:07,,2.73,
2019-10-11 12:10:04,,2.73,
2019-10-11 12:15:01,,2.73,2.33
2019-10-11 12:20:08,,2.73,2.33
2019-10-11 12:25:05,,2.73,2.33
2019-10-11 12:30:02,33.22,2.73,2.31
2019-10-11 12:35:00,,2.86,
2019-10-11 12:40:07,33.19,2.86,
2019-10-11 12:45:05,33.19,2.86,2.87
2019-10-11 12:50:02,33.19,2.86,2.87
2019-10-11 12:55:09,33.19,2.86,2.87
2019-10-11 13:00:06,33.19,2.86,2.87
2019-10-11 13:05:04,,2.97,
2019-10-11 13:10:01,34.55,2.97,
2019-10-11 13:15:08,34.55,2.97,
2019-10-11 13:20:05,34.55,2.97,
2019-10-11 13:25:02,34.55,2.97,
2019-10-11 13:30:00,34.55,2.97,
2019-10-11 13:35:08,,3.04,
2019-10-11 13:40:06,,3.04,
2019-10-11 13:45:03,35.54,3.04,
2019-10-11 13:50:00,35.54,3.04,
2019-10-11 13:55:07,35.54,3.04,
2019-10-11 14:00:04,35.54,3.04,
2019-10-11 14:05:02,,3.06,
2019-10-11 14:10:00,34.78,3.06,
2019-10-11 14:15:07,34.78,3.06,
2019-10-11 14:20:04,34.78,3.06,
2019-10-11 14:25:01,34.78,3.06,
2019-10-11 14:30:08,34.78,3.06,
2019-10-11 14:35:06,,3.09,
2019-10-11 14:40:03,34.9,3.09,
2019-10-11 14:45:00,34.9,3.09,
2019-10-11 14:50:07,34.9,3.09,
2019-10-11 14:55:04,34.9,3.09,
2019-10-11 15:00:01,34.9,3.09,
2019-10-11 15:05:09,,3.09,
2019-10-11 15:10:06,34.81,3.09,
2019-10-11 15:15:03,34.81,3.09,
2019-10-11 15:20:00,34.81,3.09,
2019-10-11 15:25:07,34.81,3.09,
2019-10-11 15:30:05,34.81,3.09,
2019-10-11 15:35:02,,3.02,
2019-10-11 15:40:09,33.16,3.02,
2019-10-11 15:45:06,33.16,3.02,
2019-10-11 15:50:03,33.16,3.02,
2019-10-11 15:55:00,33.16,3.02,
2019-10-11 16:00:07,33.16,3.02,
2019-10-11 16:05:05,,3.05,
2019-10-11 16:10:02,32.91,3.05,
2019-10-11 16:15:09,32.91,3.05,
2019-10-11 16:20:06,32.91,3.05,
2019-10-11 16:25:03,32.91,3.05,
2019-10-11 16:30:00,32.91,3.05,
2019-10-11 16:35:08,,3.06,
2019-10-11 16:40:05,33.13,3.06,
2019-10-11 16:45:02,33.13,3.06,
2019-10-11 16:50:09,33.13,3.06,
2019-10-11 16:55:06,33.13,3.06,
2019-10-11 17:00:03,33.13,3.06,
2019-10-11 17:05:01,,3.14,
2019-10-11 17:10:08,33.01,3.14,
2019-10-11 17:15:05,33.01,3.14,
2019-10-11 17:20:02,33.01,3.14,
2019-10-11 17:25:09,33.01,3.14,
2019-10-11 17:30:06,33.01,3.14,
2019-10-11 17:35:04,,3.14,
2019-10-11 17:40:01,32.63,3.14,
2019-10-11 17:45:08,32.63,3.14,
2019-10-11 17:50:05,32.63,3.14,
2019-10-11 17:55:02,32.63,3.14,
2019-10-11 18:00:00,32.63,3.14,
2019-10-11 18:05:07,,3.12,
2019-10-11 18:10:04,32.76,3.12,
2019-10-11 18:15:02,32.76,3.12,
2019-10-11 18:20:08,32.76,3.12,
2019-10-11 18:25:06,32.76,3.12,
2019-10-11 18:30:03,32.76,3.12,
2019-10-11 18:35:00,,3.13,
2019-10-11 18:40:07,32.24,3.13,
2019-10-11 18:45:04,32.24,3.13,
2019-10-11 18:50:02,32.24,3.13,
2019-10-11 18:55:08,32.24,3.13,
2019-10-11 19:00:06,32.24,3.13,
2019-10-11 19:05:03,,3.22,
2019-10-11 19:10:00,32.07,3.22,
2019-10-11 19:15:07,32.07,3.22,
2019-10-11 19:20:05,32.07,3.22,
2019-10-11 19:25:02,32.07,3.22,
2019-10-11 19:30:08,32.07,3.22,
2019-10-11 19:35:06,,3.16,
2019-10-11 19:40:03,32.02,3.16,
2019-10-11 19:45:00,32.02,3.16,
2019-10-11 19:50:07,32.02,3.16,
2019-10-11 19:55:04,32.02,3.16,
2019-10-11 20:00:01,32.02,3.16,
2019-10-11 20:05:09,,3.17,
2019-10-11 20:10:06,31.52,3.17,
2019-10-11 20:15:03,31.52,3.17,
2019-10-11 20:20:01,31.52,3.17,
2019-10-11 20:25:08,31.52,3.17,
2019-10-11 20:30:05,31.52,3.17,
2019-10-11 20:35:02,,3.23,
2019-10-11 20:40:09,31.48,3.23,
2019-10-11 20:45:06,31.48,3.23,
2019-10-11 20:50:03,31.48,3.23,
2019-10-11 20:55:01,31.48,3.23,
2019-10-11 21:00:08,31.48,3.23,
2019-10-11 21:05:05,,3.24,
2019-10-11 21:10:02,31.55,3.24,
2019-10-11 21:15:00,31.55,3.24,
2019-10-11 21:20:07,31.55,3.24,
2019-10-11 21:25:04,31.55,3.24,
2019-10-11 21:30:01,31.55,3.24,
2019-10-11 21:35:08,,3.28,
2019-10-11 21:40:05,30.8,3.28,
2019-10-11 21:45:03,30.8,3.28,
2019-10-11 21:50:00,30.8,3.28,
2019-10-11 21:55:07,30.8,3.28,
2019-10-11 22:00:04,30.8,3.28,
2019-10-11 22:05:02,,3.3,
2019-10-11 22:10:09,30.84,3.3,
2019-10-11 22:15:06,30.84,3.3,
2019-10-11 22:20:03,30.84,3.3,
2019-10-11 22:25:00,30.84,3.3,
2019-10-11 22:30:07,30.84,3.3,
2019-10-11 22:35:05,,3.35,
2019-10-11 22:40:02,30.66,3.35,
2019-10-11 22:45:09,30.66,3.35,
2019-10-11 22:50:06,30.66,3.35,
2019-10-11 22:55:03,30.66,3.35,
2019-10-11 23:00:01,30.66,3.35,
2019-10-11 23:05:08,,3.37,
2019-10-11 23:10:05,30.07,3.37,
2019-10-11 23:15:02,30.07,3.37,
2019-10-11 23:20:09,30.07,3.37,
2019-10-11 23:25:07,30.07,3.37,
2019-10-11 23:30:04,30.07,3.37,
2019-10-11 23:35:01,,3.35,
2019-10-11 23:40:08,29.96,3.35,
2019-10-11 23:45:05,29.96,3.35,
2019-10-11 23:50:02,29.96,3.35,
2019-10-11 23:55:09,29.96,3.35,
2019-10-12 00:00:06,29.96,3.35,
2019-10-12 00:05:04,,3.35,
2019-10-12 00:10:01,30.6,3.35,
2019-10-12 00:15:08,30.6,3.35,
2019-10-12 00:20:05,30.6,3.35,
2019-10-12 00:25:02,30.6,3.35,
2019-10-12 00:30:09,30.6,3.35,
2019-10-12 00:35:07,,3.42,
2019-10-12 00:40:04,30.12,3.42,
2019-10-12 00:45:01,30.12,3.42,
2019-10-12 00:50:08,30.12,3.42,
2019-10-12 00:55:05,30.12,3.42,
2019-10-12 01:00:02,30.12,3.42,
2019-10-12 01:05:00,,3.38,
2019-10-12 01:10:07,30.49,3.38,
2019-10-12 01:15:04,30.49,3.38,
2019-10-12 01:20:01,30.49,3.38,
2019-10-12 01:25:08,30.49,3.38,
2019-10-12 01:30:05,30.49,3.38,
2019-10-12 01:35:03,,3.41,
2019-10-12 01:40:00,30.22,3.41,
2019-10-12 01:45:07,30.22,3.41,
2019-10-12 01:50:04,30.22,3.41,
2019-10-12 01:55:02,30.22,3.41,
2019-10-12 02:00:09,30.22,3.41,
2019-10-12 02:05:07,,3.42,
2019-10-12 02:10:04,30.32,3.42,
2019-10-12 02:15:01,30.32,3.42,
2019-10-12 02:20:08,30.32,3.42,
2019-10-12 02:25:05,30.32,3.42,
2019-10-12 02:30:02,30.32,3.42,
2019-10-12 02:35:00,,3.41,
2019-10-12 02:40:07,30.06,3.41,
2019-10-12 02:45:04,30.06,3.41,
2019-10-12 02:50:01,30.06,3.41,
2019-10-12 02:55:08,30.06,3.41,
2019-10-12 03:00:05,30.06,3.41,
2019-10-12 03:05:03,,3.32,
2019-10-12 03:10:00,30.86,3.32,
2019-10-12 03:15:07,30.86,3.32,
2019-10-12 03:20:04,30.86,3.32,
2019-10-12 03:25:01,30.86,3.32,
2019-10-12 03:30:08,30.86,3.32,
2019-10-12 03:35:05,,3.16,
2019-10-12 03:40:03,30.11,3.16,
2019-10-12 03:45:00,30.11,3.16,
2019-10-12 03:50:07,30.11,3.16,
2019-10-12 03:55:04,30.11,3.16,
2019-10-12 04:00:01,30.11,3.16,
2019-10-12 04:05:09,,3.19,
2019-10-12 04:10:06,30.01,3.19,
2019-10-12 04:15:03,30.01,3.19,
2019-10-12 04:20:00,30.01,3.19,
2019-10-12 04:25:07,30.01,3.19,
2019-10-12 04:30:04,30.01,3.19,
2019-10-12 04:35:02,,3.12,
2019-10-12 04:40:09,30.36,3.12,
2019-10-12 04:45:06,30.36,3.12,
2019-10-12 04:50:03,30.36,3.12,
2019-10-12 04:55:00,30.36,3.12,
2019-10-12 05:00:07,30.36,3.12,
2019-10-12 05:05:05,,3.15,
2019-10-12 05:10:02,30.5,3.15,
2019-10-12 05:15:09,30.5,3.15,
2019-10-12 05:20:06,30.5,3.15,
2019-10-12 05:25:03,30.5,3.15,
2019-10-12 05:30:00,30.5,3.15,
2019-10-12 05:35:08,,3.12,
2019-10-12 05:40:05,31.42,3.12,
2019-10-12 05:45:02,31.42,3.12,
2019-10-12 05:50:09,31.42,3.12,
2019-10-12 05:55:06,31.42,3.12,
2019-10-12 06:00:03,31.42,3.12,
2019-10-12 06:05:01,,3.1,
2019-10-12 06:10:08,30.54,3.1,
2019-10-12 06:15:05,30.54,3.1,
2019-10-12 06:20:02,30.54,3.1,
2019-10-12 06:25:09,30.54,3.1,
2019-10-12 06:30:06,30.54,3.1,
2019-10-12 06:35:04,,3.13,
2019-10-12 06:40:01,30.91,3.13,
2019-10-12 06:45:08,30.91,3.13,
2019-10-12 06:50:05,30.91,3.13,
2019-10-12 06:55:02,30.91,3.13,
2019-10-12 07:00:00,30.91,3.13,
2019-10-12 07:05:07,,3.11,
2019-10-12 07:10:04,,3.11,
2019-10-12 07:15:01,,3.11,
2019-10-12 07:20:08,,3.11,
2019-10-12 07:25:05,,3.11,
2019-10-12 07:30:03,,3.11,
2019-10-12 07:35:00,,3.05,
2019-10-12 07:40:07,23.61,3.05,
2019-10-12 07:45:04,23.61,3.05,
2019-10-12 07:50:01,23.61,3.05,
2019-10-12 07:55:08,23.61,3.05,
2019-10-12 08:00:05,23.61,3.05,
2019-10-12 08:05:03,,3.09,
2019-10-12 08:10:00,23.83,3.09,
2019-10-12 08:15:07,23.83,3.09,
2019-10-12 08:20:04,23.83,3.09,
2019-10-12 08:25:01,23.83,3.09,
2019-10-12 08:30:08,23.83,3.09,
2019-10-12 08:35:06,,3.12,
2019-10-12 08:40:03,24.02,3.12,
2019-10-12 08:45:00,24.02,3.12,
2019-10-12 08:50:07,24.02,3.12,
2019-10-12 08:55:04,24.02,3.12,
2019-10-12 09:00:01,24.02,3.12,
2019-10-12 09:05:09,,3.16,
2019-10-12 09:10:06,24.16,3.16,
2019-10-12 09:15:03,24.16,3.16,
2019-10-12 09:20:00,24.16,3.16,
2019-10-12 09:25:07,24.16,3.16,
2019-10-12 09:30:04,24.16,3.16,
2019-10-12 09:35:02,,3.11,
2019-10-12 09:40:09,24.06,3.11,
2019-10-12 09:45:06,24.06,3.11,
2019-10-12 09:50:03,24.06,3.11,
2019-10-12 09:55:00,24.06,3.11,
2019-10-12 10:00:07,24.06,3.11,
2019-10-12 10:05:05,,3.14,
2019-10-12 10:10:02,24.07,3.14,
2019-10-12 10:15:09,24.07,3.14,
2019-10-12 10:20:06,24.07,3.14,
2019-10-12 10:25:03,24.07,3.14,
2019-10-12 10:30:00,24.07,3.14,
2019-10-12 10:35:08,,3.04,
2019-10-12 10:40:05,23.86,3.04,
2019-10-12 10:45:02,23.86,3.04,
2019-10-12 10:50:00,23.86,3.04,
2019-10-12 10:55:07,23.86,3.04,
2019-10-12 11:00:04,23.86,3.04,
2019-10-12 11:05:02,,3.11,
2019-10-12 11:10:09,24.07,3.11,
2019-10-12 11:15:06,24.07,3.11,
2019-10-12 11:20:03,24.07,3.11,
2019-10-12 11:25:00,24.07,3.11,
2019-10-12 11:30:07,24.07,3.11,
2019-10-12 11:35:05,,3.15,
2019-10-12 11:40:02,24.32,3.15,
2019-10-12 11:45:09,24.32,3.15,
2019-10-12 11:50:06,24.32,3.15,
2019-10-12 11:55:03,24.32,3.15,
2019-10-12 12:00:00,24.32,3.15,
2019-10-12 12:05:08,,3.2,
2019-10-12 12:10:05,25.5,3.2,
2019-10-12 12:15:02,25.5,3.2,
2019-10-12 12:20:09,25.5,3.2,
2019-10-12 12:25:06,25.5,3.2,
2019-10-12 12:30:03,25.5,3.2,
2019-10-12 12:35:01,,3.26,
2019-10-12 12:40:08,25.27,3.26,
2019-10-12 12:45:05,25.27,3.26,
2019-10-12 12:50:02,25.27,3.26,
2019-10-12 12:55:09,25.27,3.26,
2019-10-12 13:00:06,25.27,3.26,
2019-10-12 13:05:04,,3.34,
2019-10-12 13:10:01,26.09,3.34,
2019-10-12 13:15:08,26.09,3.34,
2019-10-12 13:20:05,26.09,3.34,
2019-10-12 13:25:02,26.09,3.34,
2019-10-12 13:30:09,26.09,3.34,
2019-10-12 13:35:07,,3.43,
2019-10-12 13:40:04,26.45,3.43,
2019-10-12 13:45:01,26.45,3.43,
2019-10-12 13:50:08,26.45,3.43,
2019-10-12 13:55:05,26.45,3.43,
2019-10-12 14:00:02,26.45,3.43,
2019-10-12 14:05:00,,3.45,
2019-10-12 14:10:07,27.04,3.45,
2019-10-12 14:15:04,27.04,3.45,
2019-10-12 14:20:01,27.04,3.45,
2019-10-12 14:25:08,27.04,3.45,
2019-10-12 14:30:06,27.04,3.45,
2019-10-12 14:35:04,,3.59,
2019-10-12 14:40:01,27.18,3.59,
2019-10-12 14:45:08,27.18,3.59,
2019-10-12 14:50:05,27.18,3.59,
2019-10-12 14:55:02,27.18,3.59,
2019-10-12 15:00:09,27.18,3.59,
2019-10-12 15:05:07,,3.63,
2019-10-12 15:10:04,27.9,3.63,
2019-10-12 15:15:01,27.9,3.63,
2019-10-12 15:20:08,27.9,3.63,
2019-10-12 15:25:05,27.9,3.63,
2019-10-12 15:30:02,27.9,3.63,
2019-10-12 15:35:00,,3.61,
2019-10-12 15:40:07,28.08,3.61,
2019-10-12 15:45:04,28.08,3.61,
2019-10-12 15:50:01,28.08,3.61,
2019-10-12 15:55:08,28.08,3.61,
2019-10-12 16:00:05,28.08,3.61,
2019-10-12 16:05:04,,3.68,
2019-10-12 16:10:01,28.51,3.68,
2019-10-12 16:15:08,28.51,3.68,
2019-10-12 16:20:05,28.51,3.68,
2019-10-12 16:25:02,28.51,3.68,
2019-10-12 16:30:09,28.51,3.68,
2019-10-12 16:35:07,,3.74,
2019-10-12 16:40:04,28.73,3.74,
2019-10-12 16:45:01,28.73,3.74,
2019-10-12 16:50:08,28.73,3.74,
2019-10-12 16:55:05,28.73,3.74,
2019-10-12 17:00:02,28.73,3.74,
2019-10-12 17:05:00,,3.81,
2019-10-12 17:10:07,29.21,3.81,
2019-10-12 17:15:04,29.21,3.81,
2019-10-12 17:20:01,29.21,3.81,
2019-10-12 17:25:08,29.21,3.81,
2019-10-12 17:30:05,29.21,3.81,
2019-10-12 17:35:03,,3.75,
2019-10-12 17:40:00,29.71,3.75,
2019-10-12 17:45:07,29.71,3.75,
2019-10-12 17:50:04,29.71,3.75,
2019-10-12 17:55:02,29.71,3.75,
2019-10-12 18:00:09,29.71,3.75,
2019-10-12 18:05:06,,3.84,
2019-10-12 18:10:04,29.73,3.84,
2019-10-12 18:15:01,29.73,3.84,
2019-10-12 18:20:08,29.73,3.84,
2019-10-12 18:25:05,29.73,3.84,
2019-10-12 18:30:02,29.73,3.84,
2019-10-12 18:35:00,,3.89,
2019-10-12 18:40:07,29.86,3.89,
2019-10-12 18:45:04,29.86,3.89,
2019-10-12 18:50:01,29.86,3.89,
2019-10-12 18:55:08,29.86,3.89,
2019-10-12 19:00:05,29.86,3.89,
2019-10-12 19:05:03,,3.7,
2019-10-12 19:10:00,30.52,3.7,
2019-10-12 19:15:07,30.52,3.7,
2019-10-12 19:20:04,30.52,3.7,
2019-10-12 19:25:01,30.52,3.7,
2019-10-12 19:30:08,30.52,3.7,
2019-10-12 19:35:06,,3.69,
2019-10-12 19:40:03,29.92,3.69,
2019-10-12 19:45:00,29.92,3.69,
2019-10-12 19:50:07,29.92,3.69,
2019-10-12 19:55:04,29.92,3.69,
2019-10-12 20:00:01,29.92,3.69,
2019-10-12 20:05:09,,3.59,
2019-10-12 20:10:06,30.5,3.59,
2019-10-12 20:15:03,30.5,3.59,
2019-10-12 20:20:01,30.5,3.59,
2019-10-12 20:25:08,30.5,3.59,
2019-10-12 20:30:05,30.5,3.59,
2019-10-12 20:35:03,,3.61,
2019-10-12 20:40:00,29.83,3.61,
2019-10-12 20:45:07,29.83,3.61,
2019-10-12 20:50:04,29.83,3.61,
2019-10-12 20:55:01,29.83,3.61,
2019-10-12 21:00:08,29.83,3.61,
2019-10-12 21:05:05,,3.52,
2019-10-12 21:10:03,30.19,3.52,
2019-10-12 21:15:00,30.19,3.52,
2019-10-12 21:20:07,30.19,3.52,
2019-10-12 21:25:04,30.19,3.52,
2019-10-12 21:30:01,30.19,3.52,
2019-10-12 21:35:09,,3.46,
2019-10-12 21:40:06,29.88,3.46,
2019-10-12 21:45:03,29.88,3.46,
2019-10-12 21:50:00,29.88,3.46,
2019-10-12 21:55:07,29.88,3.46,
2019-10-12 22:00:04,29.88,3.46,
2019-10-12 22:05:02,,3.52,
2019-10-12 22:10:09,29.93,3.52,
2019-10-12 22:15:06,29.93,3.52,
2019-10-12 22:20:03,29.93,3.52,
2019-10-12 22:25:00,29.93,3.52,
2019-10-12 22:30:07,29.93,3.52,
2019-10-12 22:35:05,,3.49,
2019-10-12 22:40:02,30.11,3.49,
2019-10-12 22:45:09,30.11,3.49,
2019-10-12 22:50:06,30.11,3.49,
2019-10-12 22:55:03,30.11,3.49,
2019-10-12 23:00:00,30.11,3.49,
2019-10-12 23:05:08,,3.43,
2019-10-12 23:10:05,29.62,3.43,
2019-10-12 23:15:02,29.62,3.43,
2019-10-12 23:20:09,29.62,3.43,
2019-10-12 23:25:06,29.62,3.43,
2019-10-12 23:30:03,29.62,3.43,
2019-10-12 23:35:01,,3.42,
2019-10-12 23:40:08,29.24,3.42,
2019-10-12 23:45:05,29.24,3.42,
2019-10-12 23:50:02,29.24,3.42,
2019-10-12 23:55:00,29.24,3.42,
2019-10-13 00:00:07,29.24,3.42,
2019-10-13 00:05:05,,3.51,
2019-10-13 00:10:02,29.87,3.51,
2019-10-13 00:15:09,29.87,3.51,
2019-10-13 00:20:06,29.87,3.51,
2019-10-13 00:25:03,29.87,3.51,
2019-10-13 00:30:00,29.87,3.51,
2019-10-13 00:35:07,,3.44,
2019-10-13 00:40:04,28.78,3.44,
2019-10-13 00:45:02,28.78,3.44,
2019-10-13 00:50:08,28.78,3.44,
2019-10-13 00:55:06,28.78,3.44,
2019-10-13 01:00:03,28.78,3.44,
2019-10-13 01:05:01,,3.56,
2019-10-13 01:10:08,29.03,3.56,
2019-10-13 01:15:05,29.03,3.56,
2019-10-13 01:20:02,29.03,3.56,
2019-10-13 01:25:09,29.03,3.56,
2019-10-13 01:30:06,29.03,3.56,
2019-10-13 01:35:04,,3.47,
2019-10-13 01:40:01,28.51,3.47,
2019-10-13 01:45:08,28.51,3.47,
2019-10-13 01:50:05,28.51,3.47,
2019-10-13 01:55:02,28.51,3.47,
2019-10-13 02:00:09,28.51,3.47,
2019-10-13 02:05:07,,3.63,
2019-10-13 02:10:04,28.58,3.63,
2019-10-13 02:15:01,28.58,3.63,
2019-10-13 02:20:08,28.58,3.63,
2019-10-13 02:25:05,28.58,3.63,
2019-10-13 02:30:03,28.58,3.63,
2019-10-13 02:35:00,,3.55,
2019-10-13 02:40:07,28.12,3.55,
2019-10-13 02:45:04,28.12,3.55,
2019-10-13 02:50:02,28.12,3.55,
2019-10-13 02:55:09,28.12,3.55,
2019-10-13 03:00:06,28.12,3.55,
2019-10-13 03:05:04,,3.7,
2019-10-13 03:10:01,28.66,3.7,
2019-10-13 03:15:07,28.66,3.7,
2019-10-13 03:20:05,28.66,3.7,
2019-10-13 03:25:02,28.66,3.7,
2019-10-13 03:30:09,28.66,3.7,
2019-10-13 03:35:07,,3.62,
2019-10-13 03:40:04,27.88,3.62,
2019-10-13 03:45:01,27.88,3.62,
2019-10-13 03:50:08,27.88,3.62,
2019-10-13 03:55:05,27.88,3.62,
2019-10-13 04:00:02,27.88,3.62,
2019-10-13 04:05:00,,3.58,
2019-10-13 04:10:07,28.05,3.58,
2019-10-13 04:15:04,28.05,3.58,
2019-10-13 04:20:01,28.05,3.58,
2019-10-13 04:25:08,28.05,3.58,
2019-10-13 04:30:05,28.05,3.58,
2019-10-13 04:35:03,,3.56,
2019-10-13 04:40:00,27.71,3.56,
2019-10-13 04:45:07,27.71,3.56,
2019-10-13 04:50:04,27.71,3.56,
2019-10-13 04:55:01,27.71,3.56,
2019-10-13 05:00:08,27.71,3.56,
2019-10-13 05:05:06,,3.51,
2019-10-13 05:10:03,28.08,3.51,
2019-10-13 05:15:00,28.08,3.51,
2019-10-13 05:20:07,28.08,3.51,
2019-10-13 05:25:04,28.08,3.51,
2019-10-13 05:30:01,28.08,3.51,
2019-10-13 05:35:09,,3.58,
2019-10-13 05:40:06,27.79,3.58,
2019-10-13 05:45:03,27.79,3.58,
2019-10-13 05:50:00,27.79,3.58,
2019-10-13 05:55:07,27.79,3.58,
2019-10-13 06:00:04,27.79,3.58,
2019-10-13 06:05:02,,3.56,
2019-10-13 06:10:09,27.9,3.56,
2019-10-13 06:15:06,27.9,3.56,
2019-10-13 06:20:04,27.9,3.56,
2019-10-13 06:25:01,27.9,3.56,
2019-10-13 06:30:08,27.9,3.56,
2019-10-13 06:35:06,,3.56,
2019-10-13 06:40:03,27.68,3.56,
2019-10-13 06:45:00,27.68,3.56,
2019-10-13 06:50:07,27.68,3.56,
2019-10-13 06:55:04,27.68,3.56,
2019-10-13 07:00:01,27.68,3.56,
2019-10-13 07:05:08,,,
2019-10-13 07:10:05,,,
2019-10-13 07:15:03,,,
2019-10-13 07:20:00,,,
2019-10-13 07:25:07,,1.82,
2019-10-13 07:30:04,,1.82,
2019-10-13 07:35:02,,3.13,
2019-10-13 07:40:09,21.28,3.13,
2019-10-13 07:45:06,21.28,3.13,
2019-10-13 07:50:03,21.28,3.13,
2019-10-13 07:55:00,21.28,3.13,
2019-10-13 08:00:07,21.28,3.13,
2019-10-13 08:05:06,,3.59,
2019-10-13 08:10:03,21.61,3.59,
2019-10-13 08:15:00,21.61,3.59,
2019-10-13 08:20:07,21.61,3.59,
2019-10-13 08:25:04,21.61,3.59,
2019-10-13 08:30:01,21.61,3.59,
2019-10-13 08:35:09,,3.74,
2019-10-13 08:40:06,21.81,3.74,
2019-10-13 08:45:03,21.81,3.74,
2019-10-13 08:50:01,21.81,3.74,
2019-10-13 08:55:07,21.81,3.74,
2019-10-13 09:00:04,21.81,3.74,
2019-10-13 09:05:03,,3.87,
2019-10-13 09:10:00,22.27,3.87,
2019-10-13 09:15:07,22.27,3.87,
2019-10-13 09:20:04,22.27,3.87,
2019-10-13 09:25:01,22.27,3.87,
2019-10-13 09:30:08,22.27,3.87,
2019-10-13 09:35:06,,3.86,
2019-10-13 09:40:03,22.26,3.86,
2019-10-13 09:45:00,22.26,3.86,
2019-10-13 09:50:07,22.26,3.86,
2019-10-13 09:55:04,22.26,3.86,
2019-10-13 10:00:01,22.26,3.86,
2019-10-13 10:05:09,,3.83,
2019-10-13 10:10:06,23.04,3.83,
2019-10-13 10:15:03,23.04,3.83,
2019-10-13 10:20:00,23.04,3.83,
2019-10-13 10:25:07,23.04,3.83,
2019-10-13 10:30:04,23.04,3.83,
2019-10-13 10:35:02,,3.9,
2019-10-13 10:40:09,23.12,3.9,
2019-10-13 10:45:06,23.12,3.9,
2019-10-13 10:50:04,23.12,3.9,
2019-10-13 10:55:01,23.12,3.9,
2019-10-13 11:00:08,23.12,3.9,
2019-10-13 11:05:05,,3.97,
2019-10-13 11:10:02,24.01,3.97,
2019-10-13 11:15:00,24.01,3.97,
2019-10-13 11:20:07,24.01,3.97,
2019-10-13 11:25:04,24.01,3.97,
2019-10-13 11:30:01,24.01,3.97,
2019-10-13 11:35:09,,4.0,
2019-10-13 11:40:06,24.79,4.0,
2019-10-13 11:45:03,24.79,4.0,
2019-10-13 11:50:00,24.79,4.0,
2019-10-13 11:55:07,24.79,4.0,
2019-10-13 12:00:04,24.79,4.0,
2019-10-13 12:05:02,,4.06,
2019-10-13 12:10:09,,4.06,
2019-10-13 12:15:06,,4.06,
2019-10-13 12:20:03,,4.06,
2019-10-13 12:25:00,,4.06,
2019-10-13 12:30:07,27.69,4.06,
2019-10-13 12:35:05,,4.18,
2019-10-13 12:40:02,29.12,4.18,
2019-10-13 12:45:09,29.12,4.18,
2019-10-13 12:50:06,29.12,4.18,
2019-10-13 12:55:03,29.12,4.18,
2019-10-13 13:00:00,29.12,4.18,
2019-10-13 13:05:08,,4.33,
2019-10-13 13:10:05,30.61,4.33,
2019-10-13 13:15:02,30.61,4.33,
2019-10-13 13:20:09,30.61,4.33,
2019-10-13 13:25:06,30.61,4.33,
2019-10-13 13:30:04,30.61,4.33,
2019-10-13 13:35:02,,4.42,
2019-10-13 13:40:09,32.21,4.42,
2019-10-13 13:45:06,32.21,4.42,
2019-10-13 13:50:03,32.21,4.42,
2019-10-13 13:55:00,32.21,4.42,
2019-10-13 14:00:07,32.21,4.42,
2019-10-13 14:05:05,,4.56,
2019-10-13 14:10:02,33.94,4.56,
2019-10-13 14:15:09,33.94,4.56,
2019-10-13 14:20:06,33.94,4.56,
2019-10-13 14:25:03,33.94,4.56,
2019-10-13 14:30:00,33.94,4.56,
2019-10-13 14:35:08,,4.64,
2019-10-13 14:40:05,34.87,4.64,
2019-10-13 14:45:02,34.87,4.64,
2019-10-13 14:50:09,34.87,4.64,
2019-10-13 14:55:06,34.87,4.64,
2019-10-13 15:00:03,34.87,4.64,
2019-10-13 15:05:01,,4.84,
2019-10-13 15:10:08,36.25,4.84,
2019-10-13 15:15:06,36.25,4.84,
2019-10-13 15:20:03,36.25,4.84,
2019-10-13 15:25:00,36.25,4.84,
2019-10-13 15:30:07,36.25,4.84,
2019-10-13 15:35:05,,4.81,
2019-10-13 15:40:02,37.1,4.81,
2019-10-13 15:45:09,37.1,4.81,
2019-10-13 15:50:06,37.1,4.81,
2019-10-13 15:55:03,37.1,4.81,
2019-10-13 16:00:00,37.1,4.81,
2019-10-13 16:05:08,,4.84,
2019-10-13 16:10:05,38.48,4.84,
2019-10-13 16:15:02,38.48,4.84,
2019-10-13 16:20:09,38.48,4.84,
2019-10-13 16:25:06,38.48,4.84,
2019-10-13 16:30:03,38.48,4.84,
2019-10-13 16:35:02,,4.95,
2019-10-13 16:40:09,38.85,4.95,
2019-10-13 16:45:06,38.85,4.95,
2019-10-13 16:50:03,38.85,4.95,
2019-10-13 16:55:00,38.85,4.95,
2019-10-13 17:00:07,38.85,4.95,
2019-10-13 17:05:05,,5.12,
2019-10-13 17:10:02,40.07,5.12,
2019-10-13 17:15:00,40.07,5.12,
2019-10-13 17:20:07,40.07,5.12,
2019-10-13 17:25:04,40.07,5.12,
2019-10-13 17:30:01,40.07,5.12,
2019-10-13 17:35:09,,5.12,
2019-10-13 17:40:06,39.97,5.12,
2019-10-13 17:45:03,39.97,5.12,
2019-10-13 17:50:00,39.97,5.12,
2019-10-13 17:55:07,39.97,5.12,
2019-10-13 18:00:04,39.97,5.12,
2019-10-13 18:05:02,,5.01,
2019-10-13 18:10:09,40.73,5.01,
2019-10-13 18:15:06,40.73,5.01,
2019-10-13 18:20:03,40.73,5.01,
2019-10-13 18:25:00,40.73,5.01,
2019-10-13 18:30:07,40.73,5.01,
2019-10-13 18:35:06,,5.07,
2019-10-13 18:40:03,40.34,5.07,
2019-10-13 18:45:00,40.34,5.07,
2019-10-13 18:50:07,40.34,5.07,
2019-10-13 18:55:04,40.34,5.07,
2019-10-13 19:00:01,40.34,5.07,
2019-10-13 19:05:09,,5.11,
2019-10-13 19:10:06,40.52,5.11,
2019-10-13 19:15:03,40.52,5.11,
2019-10-13 19:20:00,40.52,5.11,
2019-10-13 19:25:07,40.52,5.11,
2019-10-13 19:30:04,40.52,5.11,
2019-10-13 19:35:02,,5.07,
2019-10-13 19:40:09,40.66,5.07,
2019-10-13 19:45:07,40.66,5.07,
2019-10-13 19:50:04,40.66,5.07,
2019-10-13 19:55:01,40.66,5.07,
2019-10-13 20:00:08,40.66,5.07,
2019-10-13 20:05:06,,5.09,
2019-10-13 20:10:03,40.04,5.09,
2019-10-13 20:15:00,40.04,5.09,
2019-10-13 20:20:07,40.04,5.09,
2019-10-13 20:25:04,40.04,5.09,
2019-10-13 20:30:01,40.04,5.09,
2019-10-13 20:35:09,,5.01,
2019-10-13 20:40:06,38.96,5.01,
2019-10-13 20:45:03,38.96,5.01,
2019-10-13 20:50:00,38.96,5.01,
2019-10-13 20:55:07,38.96,5.01,
2019-10-13 21:00:04,38.96,5.01,
2019-10-13 21:05:02,,5.03,
2019-10-13 21:10:09,38.98,5.03,
2019-10-13 21:15:06,38.98,5.03,
2019-10-13 21:20:03,38.98,5.03,
2019-10-13 21:25:00,38.98,5.03,
2019-10-13 21:30:07,38.98,5.03,
2019-10-13 21:35:05,,4.99,
2019-10-13 21:40:02,37.53,4.99,
2019-10-13 21:45:09,37.53,4.99,
2019-10-13 21:50:06,37.53,4.99,
2019-10-13 21:55:03,37.53,4.99,
2019-10-13 22:00:00,37.53,4.99,
2019-10-13 22:05:08,,4.83,
2019-10-13 22:10:05,36.88,4.83,
2019-10-13 22:15:02,36.88,4.83,
2019-10-13 22:20:09,36.88,4.83,
2019-10-13 22:25:06,36.88,4.83,
2019-10-13 22:30:03,36.88,4.83,
2019-10-13 22:35:01,,4.88,
2019-10-13 22:40:08,35.86,4.88,
2019-10-13 22:45:05,35.86,4.88,
2019-10-13 22:50:02,35.86,4.88,
2019-10-13 22:55:00,35.86,4.88,
2019-10-13 23:00:07,35.86,4.88,
2019-10-13 23:05:04,,4.82,
2019-10-13 23:10:02,34.84,4.82,
2019-10-13 23:15:09,34.84,4.82,
2019-10-13 23:20:06,34.84,4.82,
2019-10-13 23:25:03,34.84,4.82,
2019-10-13 23:30:00,34.84,4.82,
2019-10-13 23:35:07,,4.77,
2019-10-13 23:40:04,33.99,4.77,
2019-10-13 23:45:02,33.99,4.77,
2019-10-13 23:50:09,33.99,4.77,
2019-10-13 23:55:06,33.99,4.77,
2019-10-14 00:00:03,33.99,4.77,
2019-10-14 00:05:01,,4.76,
2019-10-14 00:10:08,32.82,4.76,
2019-10-14 00:15:05,32.82,4.76,
2019-10-14 00:20:02,32.82,4.76,
2019-10-14 00:25:09,32.82,4.76,
2019-10-14 00:30:06,32.82,4.76,
2019-10-14 00:35:04,,4.76,
2019-10-14 00:40:02,32.27,4.76,
2019-10-14 00:45:09,32.27,4.76,
2019-10-14 00:50:06,32.27,4.76,
2019-10-14 00:55:03,32.27,4.76,
2019-10-14 01:00:00,32.27,4.76,
2019-10-14 01:05:08,,4.71,
2019-10-14 01:10:05,32.09,4.71,
2019-10-14 01:15:02,32.09,4.71,
2019-10-14 01:20:00,32.09,4.71,
2019-10-14 01:25:06,32.09,4.71,
2019-10-14 01:30:03,32.09,4.71,
2019-10-14 01:35:02,,4.64,
2019-10-14 01:40:09,30.48,4.64,
2019-10-14 01:45:06,30.48,4.64,
2019-10-14 01:50:03,30.48,4.64,
2019-10-14 01:55:00,30.48,4.64,
2019-10-14 02:00:07,30.48,4.64,
2019-10-14 02:05:05,,4.67,
2019-10-14 02:10:02,30.43,4.67,
2019-10-14 02:15:09,30.43,4.67,
2019-10-14 02:20:06,30.43,4.67,
2019-10-14 02:25:03,30.43,4.67,
2019-10-14 02:30:00,30.43,4.67,
2019-10-14 02:35:08,,4.57,
2019-10-14 02:40:05,29.03,4.57,
2019-10-14 02:45:02,29.03,4.57,
2019-10-14 02:50:09,29.03,4.57,
2019-10-14 02:55:06,29.03,4.57,
2019-10-14 03:00:03,29.03,4.57,
2019-10-14 03:05:01,,4.53,
2019-10-14 03:10:08,28.58,4.53,
2019-10-14 03:15:06,28.58,4.53,
2019-10-14 03:20:03,28.58,4.53,
2019-10-14 03:25:00,28.58,4.53,
2019-10-14 03:30:07,28.58,4.53,
2019-10-14 03:35:05,,4.37,
2019-10-14 03:40:02,28.06,4.37,
2019-10-14 03:45:09,28.06,4.37,
2019-10-14 03:50:06,28.06,4.37,
2019-10-14 03:55:03,28.06,4.37,
2019-10-14 04:00:00,28.06,4.37,
2019-10-14 04:05:08,,4.33,
2019-10-14 04:10:05,27.77,4.33,
2019-10-14 04:15:02,27.77,4.33,
2019-10-14 04:20:09,27.77,4.33,
2019-10-14 04:25:06,27.77,4.33,
2019-10-14 04:30:03,27.77,4.33,
2019-10-14 04:35:01,,4.19,
2019-10-14 04:40:08,27.6,4.19,
2019-10-14 04:45:05,27.6,4.19,
2019-10-14 04:50:02,27.6,4.19,
2019-10-14 04:55:09,27.6,4.19,
2019-10-14 05:00:07,27.6,4.19,
2019-10-14 05:05:04,,4.16,
2019-10-14 05:10:02,28.59,4.16,
2019-10-14 05:15:09,28.59,4.16,
2019-10-14 05:20:06,28.59,4.16,
2019-10-14 05:25:03,28.59,4.16,
2019-10-14 05:30:00,28.59,4.16,
2019-10-14 05:35:08,,4.08,
2019-10-14 05:40:05,27.93,4.08,
2019-10-14 05:45:02,27.93,4.08,
2019-10-14 05:50:09,27.93,4.08,
2019-10-14 05:55:06,27.93,4.08,
2019-10-14 06:00:03,27.93,4.08,
2019-10-14 06:05:01,,4.04,
2019-10-14 06:10:08,27.73,4.04,
2019-10-14 06:15:05,27.73,4.04,
2019-10-14 06:20:02,27.73,4.04,
2019-10-14 06:25:09,27.73,4.04,
2019-10-14 06:30:06,27.73,4.04,
2019-10-14 06:35:04,,4.07,
2019-10-14 06:40:01,28.28,4.07,
2019-10-14 06:45:08,28.28,4.07,
2019-10-14 06:50:05,28.28,4.07,
2019-10-14 06:55:02,28.28,4.07,
2019-10-14 07:00:09,28.28,4.07,
2019-10-14 07:05:06,,,
2019-10-14 07:10:03,,,
2019-10-14 07:15:01,,,
2019-10-14 07:20:08,,,
2019-10-14 07:25:05,,2.02,
2019-10-14 07:30:02,,2.02,
2019-10-14 07:35:00,,3.36,
2019-10-14 07:40:07,21.39,3.36,
2019-10-14 07:45:04,21.39,3.36,
2019-10-14 07:50:01,21.39,3.36,
2019-10-14 07:55:08,21.39,3.36,
2019-10-14 08:00:05,21.39,3.36,
2019-10-14 08:05:03,,3.75,
2019-10-14 08:10:00,21.6,3.75,
2019-10-14 08:15:07,21.6,3.75,
2019-10-14 08:20:04,21.6,3.75,
2019-10-14 08:25:01,21.6,3.75,
2019-10-14 08:30:08,21.6,3.75,
2019-10-14 08:35:06,,3.87,
2019-10-14 08:40:03,19.89,3.87,
2019-10-14 08:45:00,19.89,3.87,
2019-10-14 08:50:07,19.89,3.87,
2019-10-14 08:55:04,19.89,3.87,
2019-10-14 09:00:01,19.89,3.87,
2019-10-14 09:05:09,,3.63,
2019-10-14 09:10:07,18.8,3.63,
2019-10-14 09:15:04,18.8,3.63,
2019-10-14 09:20:01,18.8,3.63,
2019-10-14 09:25:07,18.8,3.63,
2019-10-14 09:30:04,18.8,3.63,
2019-10-14 09:35:03,,3.19,
2019-10-14 09:40:00,17.42,3.19,
2019-10-14 09:45:07,17.42,3.19,
2019-10-14 09:50:04,17.42,3.19,
2019-10-14 09:55:01,17.42,3.19,
2019-10-14 10:00:08,17.42,3.19,
2019-10-14 10:05:06,,2.72,
2019-10-14 10:10:03,16.5,2.72,
2019-10-14 10:15:00,16.5,2.72,
2019-10-14 10:20:07,16.5,2.72,
2019-10-14 10:25:04,16.5,2.72,
2019-10-14 10:30:01,16.5,2.72,
2019-10-14 10:35:09,,2.4,
2019-10-14 10:40:06,15.59,2.4,
2019-10-14 10:45:03,15.59,2.4,
2019-10-14 10:50:00,15.59,2.4,
2019-10-14 10:55:07,15.59,2.4,
2019-10-14 11:00:04,15.59,2.4,
2019-10-14 11:05:02,,2.45,
2019-10-14 11:10:09,15.21,2.45,
2019-10-14 11:15:06,15.21,2.45,
2019-10-14 11:20:03,15.21,2.45,
2019-10-14 11:25:00,15.21,2.45,
2019-10-14 11:30:07,15.21,2.45,
2019-10-14 11:35:05,,3.13,
2019-10-14 11:40:02,15.52,3.13,
2019-10-14 11:45:09,15.52,3.13,
2019-10-14 11:50:06,15.52,3.13,
2019-10-14 11:55:03,15.52,3.13,
2019-10-14 12:00:01,15.52,3.13,
2019-10-14 12:05:08,,3.45,
2019-10-14 12:10:05,17.34,3.45,
2019-10-14 12:15:03,17.34,3.45,
2019-10-14 12:20:00,17.34,3.45,
2019-10-14 12:25:07,17.34,3.45,
2019-10-14 12:30:04,17.34,3.45,
2019-10-14 12:35:02,,3.61,
2019-10-14 12:40:09,18.85,3.61,
2019-10-14 12:45:06,18.85,3.61,
2019-10-14 12:50:03,18.85,3.61,
2019-10-14 12:55:00,18.85,3.61,
2019-10-14 13:00:07,18.85,3.61,
2019-10-14 13:05:05,,3.68,
2019-10-14 13:10:02,20.52,3.68,
2019-10-14 13:15:09,20.52,3.68,
2019-10-14 13:20:06,20.52,3.68,
2019-10-14 13:25:03,20.52,3.68,
2019-10-14 13:30:00,20.52,3.68,
2019-10-14 13:35:08,,3.81,
2019-10-14 13:40:05,22.52,3.81,
2019-10-14 13:45:02,22.52,3.81,
2019-10-14 13:50:09,22.52,3.81,
2019-10-14 13:55:06,22.52,3.81,
2019-10-14 14:00:03,22.52,3.81,
2019-10-14 14:05:01,,4.04,
2019-10-14 14:10:08,24.73,4.04,
2019-10-14 14:15:05,24.73,4.04,
2019-10-14 14:20:02,24.73,4.04,
2019-10-14 14:25:09,24.73,4.04,
2019-10-14 14:30:06,24.73,4.04,
2019-10-14 14:35:04,,4.35,
2019-10-14 14:40:02,26.4,4.35,
2019-10-14 14:45:09,26.4,4.35,
2019-10-14 14:50:06,26.4,4.35,
2019-10-14 14:55:03,26.4,4.35,
2019-10-14 15:00:00,26.4,4.35,
2019-10-14 15:05:09,,4.67,
2019-10-14 15:10:06,27.71,4.67,
2019-10-14 15:15:03,27.71,4.67,
2019-10-14 15:20:00,27.71,4.67,
2019-10-14 15:25:07,27.71,4.67,
2019-10-14 15:30:04,27.71,4.67,
2019-10-14 15:35:02,,4.99,
2019-10-14 15:40:09,29.12,4.99,
2019-10-14 15:45:06,29.12,4.99,
2019-10-14 15:50:03,29.12,4.99,
2019-10-14 15:55:01,29.12,4.99,
2019-10-14 16:00:08,29.12,4.99,
2019-10-14 16:05:06,,5.27,
2019-10-14 16:10:03,30.71,5.27,
2019-10-14 16:15:00,30.71,5.27,
2019-10-14 16:20:07,30.71,5.27,
2019-10-14 16:25:04,30.71,5.27,
2019-10-14 16:30:01,30.71,5.27,
2019-10-14 16:35:09,,5.4,
2019-10-14 16:40:06,31.76,5.4,
2019-10-14 16:45:03,31.76,5.4,
2019-10-14 16:50:00,31.76,5.4,
2019-10-14 16:55:07,31.76,5.4,
2019-10-14 17:00:04,31.76,5.4,
2019-10-14 17:05:02,,5.67,
2019-10-14 17:10:09,32.68,5.67,
2019-10-14 17:15:06,32.68,5.67,
2019-10-14 17:20:03,32.68,5.67,
2019-10-14 17:25:00,32.68,5.67,
2019-10-14 17:30:07,32.68,5.67,
2019-10-14 17:35:05,,5.75,
2019-10-14 17:40:02,34.81,5.75,
2019-10-14 17:45:09,34.81,5.75,
2019-10-14 17:50:06,34.81,5.75,
2019-10-14 17:55:03,34.81,5.75,
2019-10-14 18:00:01,34.81,5.75,
2019-10-14 18:05:09,,5.74,
2019-10-14 18:10:06,35.28,5.74,
2019-10-14 18:15:03,35.28,5.74,
2019-10-14 18:20:00,35.28,5.74,
2019-10-14 18:25:07,35.28,5.74,
2019-10-14 18:30:04,35.28,5.74,
2019-10-14 18:35:02,,5.56,
2019-10-14 18:40:09,35.02,5.56,
2019-10-14 18:45:06,35.02,5.56,
2019-10-14 18:50:03,35.02,5.56,
2019-10-14 18:55:00,35.02,5.56,
2019-10-14 19:00:07,35.02,5.56,
2019-10-14 19:05:05,,5.26,
2019-10-14 19:10:02,34.95,5.26,
2019-10-14 19:15:00,34.95,5.26,
2019-10-14 19:20:07,34.95,5.26,
2019-10-14 19:25:04,34.95,5.26,
2019-10-14 19:30:01,34.95,5.26,
2019-10-14 19:35:09,,5.22,
2019-10-14 19:40:06,35.34,5.22,
2019-10-14 19:45:03,35.34,5.22,
2019-10-14 19:50:00,35.34,5.22,
2019-10-14 19:55:07,35.34,5.22,
2019-10-14 20:00:04,35.34,5.22,
2019-10-14 20:05:02,,5.14,
2019-10-14 20:10:09,34.72,5.14,
2019-10-14 20:15:06,34.72,5.14,
2019-10-14 20:20:03,34.72,5.14,
2019-10-14 20:25:01,34.72,5.14,
2019-10-14 20:30:08,34.72,5.14,
2019-10-14 20:35:06,,5.06,
2019-10-14 20:40:03,34.4,5.06,
2019-10-14 20:45:00,34.4,5.06,
2019-10-14 20:50:07,34.4,5.06,
2019-10-14 20:55:04,34.4,5.06,
2019-10-14 21:00:01,34.4,5.06,
2019-10-14 21:05:09,,4.93,
2019-10-14 21:10:06,33.9,4.93,
2019-10-14 21:15:03,33.9,4.93,
2019-10-14 21:20:00,33.9,4.93,
2019-10-14 21:25:07,33.9,4.93,
2019-10-14 21:30:04,33.9,4.93,
2019-10-14 21:35:02,,4.86,
2019-10-14 21:40:00,32.89,4.86,
2019-10-14 21:45:06,32.89,4.86,
2019-10-14 21:50:04,32.89,4.86,
2019-10-14 21:55:01,32.89,4.86,
2019-10-14 22:00:08,32.89,4.86,
2019-10-14 22:05:06,,4.79,
2019-10-14 22:10:03,32.41,4.79,
2019-10-14 22:15:00,32.41,4.79,
2019-10-14 22:20:07,32.41,4.79,
2019-10-14 22:25:04,32.41,4.79,
2019-10-14 22:30:01,32.41,4.79,
2019-10-14 22:35:09,,4.72,
2019-10-14 22:40:06,31.77,4.72,
2019-10-14 22:45:03,31.77,4.72,
2019-10-14 22:50:00,31.77,4.72,
2019-10-14 22:55:08,31.77,4.72,
2019-10-14 23:00:05,31.77,4.72,
2019-10-14 23:05:03,,4.65,
2019-10-14 23:10:00,30.82,4.65,
2019-10-14 23:15:07,30.82,4.65,
2019-10-14 23:20:04,30.82,4.65,
2019-10-14 23:25:01,30.82,4.65,
2019-10-14 23:30:08,30.82,4.65,
2019-10-14 23:35:06,,4.55,
2019-10-14 23:40:04,30.55,4.55,
2019-10-14 23:45:01,30.55,4.55,
2019-10-14 23:50:08,30.55,4.55,
2019-10-14 23:55:05,30.55,4.55,
2019-10-15 00:00:02,30.55,4.55,
2019-10-15 00:05:00,,4.57,
2019-10-15 00:10:07,29.39,4.57,
2019-10-15 00:15:04,29.39,4.57,
2019-10-15 00:20:01,29.39,4.57,
2019-10-15 00:25:08,29.39,4.57,
2019-10-15 00:30:05,29.39,4.57,
2019-10-15 00:35:03,,4.48,
2019-10-15 00:40:01,28.71,4.48,
2019-10-15 00:45:07,28.71,4.48,
2019-10-15 00:50:04,28.71,4.48,
2019-10-15 00:55:02,28.71,4.48,
2019-10-15 01:00:09,28.71,4.48,
2019-10-15 01:05:07,,4.59,
2019-10-15 01:10:04,27.42,4.59,
2019-10-15 01:15:01,27.42,4.59,
2019-10-15 01:20:08,27.42,4.59,
2019-10-15 01:25:05,27.42,4.59,
2019-10-15 01:30:02,27.42,4.59,
2019-10-15 01:35:00,,4.47,
2019-10-15 01:40:07,26.83,4.47,
2019-10-15 01:45:04,26.83,4.47,
2019-10-15 01:50:01,26.83,4.47,
2019-10-15 01:55:08,26.83,4.47,
2019-10-15 02:00:05,26.83,4.47,
2019-10-15 02:05:03,,4.32,
2019-10-15 02:10:00,25.99,4.32,
2019-10-15 02:15:07,25.99,4.32,
2019-10-15 02:20:04,25.99,4.32,
2019-10-15 02:25:01,25.99,4.32,
2019-10-15 02:30:08,25.99,4.32,
2019-10-15 02:35:06,,4.25,
2019-10-15 02:40:03,25.48,4.25,
2019-10-15 02:45:00,25.48,4.25,
2019-10-15 02:50:07,25.48,4.25,
2019-10-15 02:55:04,25.48,4.25,
2019-10-15 03:00:02,25.48,4.25,
2019-10-15 03:05:09,,4.2,
2019-10-15 03:10:06,24.82,4.2,
2019-10-15 03:15:03,24.82,4.2,
2019-10-15 03:20:01,24.82,4.2,
2019-10-15 03:25:08,24.82,4.2,
2019-10-15 03:30:05,24.82,4.2,
2019-10-15 03:35:02,,4.13,
2019-10-15 03:40:00,24.96,4.13,
2019-10-15 03:45:07,24.96,4.13,
2019-10-15 03:50:04,24.96,4.13,
2019-10-15 03:55:01,24.96,4.13,
2019-10-15 04:00:08,24.96,4.13,
2019-10-15 04:05:05,,4.26,
2019-10-15 04:10:03,24.52,4.26,
2019-10-15 04:15:00,24.52,4.26,
2019-10-15 04:20:07,24.52,4.26,
2019-10-15 04:25:04,24.52,4.26,
2019-10-15 04:30:01,24.52,4.26,
2019-10-15 04:35:09,,4.19,
2019-10-15 04:40:06,25.12,4.19,
2019-10-15 04:45:04,25.12,4.19,
2019-10-15 04:50:01,25.12,4.19,
2019-10-15 04:55:08,25.12,4.19,
2019-10-15 05:00:05,25.12,4.19,
2019-10-15 05:05:03,,4.21,
2019-10-15 05:10:00,24.17,4.21,
2019-10-15 05:15:07,24.17,4.21,
2019-10-15 05:20:04,24.17,4.21,
2019-10-15 05:25:01,24.17,4.21,
2019-10-15 05:30:08,24.17,4.21,
2019-10-15 05:35:06,,4.2,
2019-10-15 05:40:03,24.6,4.2,
2019-10-15 05:45:00,24.6,4.2,
2019-10-15 05:50:07,24.6,4.2,
2019-10-15 05:55:04,24.6,4.2,
2019-10-15 06:00:01,24.6,4.2,
2019-10-15 06:05:09,,4.11,
2019-10-15 06:10:06,24.62,4.11,
2019-10-15 06:15:03,24.62,4.11,
2019-10-15 06:20:00,24.62,4.11,
2019-10-15 06:25:07,24.62,4.11,
2019-10-15 06:30:04,24.62,4.11,
2019-10-15 06:35:03,,3.98,
2019-10-15 06:40:00,25.21,3.98,
2019-10-15 06:45:07,25.21,3.98,
2019-10-15 06:50:04,25.21,3.98,
2019-10-15 06:55:01,25.21,3.98,
2019-10-15 07:00:08,25.21,3.98,
2019-10-15 07:05:05,,,
2019-10-15 07:10:02,,,
2019-10-15 07:15:09,,,
2019-10-15 07:20:06,,,
2019-10-15 07:25:04,,2.03,
2019-10-15 07:30:01,,2.03,
2019-10-15 07:35:09,,3.46,
2019-10-15 07:40:06,18.16,3.46,
2019-10-15 07:45:03,18.16,3.46,
2019-10-15 07:50:00,18.16,3.46,
2019-10-15 07:55:07,18.16,3.46,
2019-10-15 08:00:04,18.16,3.46,
2019-10-15 08:05:02,,3.84,
2019-10-15 08:10:09,19.31,3.84,
2019-10-15 08:15:06,19.31,3.84,
2019-10-15 08:20:04,19.31,3.84,
2019-10-15 08:25:01,19.31,3.84,
2019-10-15 08:30:08,19.31,3.84,
2019-10-15 08:35:06,,4.09,
2019-10-15 08:40:03,20.33,4.09,
2019-10-15 08:45:00,20.33,4.09,
2019-10-15 08:50:07,20.33,4.09,
2019-10-15 08:55:04,20.33,4.09,
2019-10-15 09:00:01,20.33,4.09,
2019-10-15 09:05:09,,4.13,
2019-10-15 09:10:06,21.38,4.13,
2019-10-15 09:15:03,21.38,4.13,
2019-10-15 09:20:00,21.38,4.13,
2019-10-15 09:25:07,21.38,4.13,
2019-10-15 09:30:04,21.38,4.13,
2019-10-15 09:35:02,,4.15,
2019-10-15 09:40:09,22.38,4.15,
2019-10-15 09:45:06,22.38,4.15,
2019-10-15 09:50:03,22.38,4.15,
2019-10-15 09:55:00,22.38,4.15,
2019-10-15 10:00:07,22.38,4.15,
2019-10-15 10:05:05,,4.24,
2019-10-15 10:10:02,23.97,4.24,
2019-10-15 10:15:09,23.97,4.24,
2019-10-15 10:20:06,23.97,4.24,
2019-10-15 10:25:03,23.97,4.24,
2019-10-15 10:30:00,23.97,4.24,
2019-10-15 10:35:08,,4.82,
2019-10-15 10:40:05,26.36,4.82,
2019-10-15 10:45:02,26.36,4.82,
2019-10-15 10:50:09,26.36,4.82,
2019-10-15 10:55:06,26.36,4.82,
2019-10-15 11:00:03,26.36,4.82,
2019-10-15 11:05:01,,4.79,
2019-10-15 11:10:08,27.42,4.79,
2019-10-15 11:15:05,27.42,4.79,
2019-10-15 11:20:02,27.42,4.79,
2019-10-15 11:25:09,27.42,4.79,
2019-10-15 11:30:06,27.42,4.79,
2019-10-15 11:35:04,,5.03,
2019-10-15 11:40:01,28.84,5.03,
2019-10-15 11:45:08,28.84,5.03,
2019-10-15 11:50:06,28.84,5.03,
2019-10-15 11:55:03,28.84,5.03,
2019-10-15 12:00:00,28.84,5.03,
2019-10-15 12:05:08,,5.34,
2019-10-15 12:10:05,31.12,5.34,
2019-10-15 12:15:03,31.12,5.34,
2019-10-15 12:20:00,31.12,5.34,
2019-10-15 12:25:07,31.12,5.34,
2019-10-15 12:30:04,31.12,5.34,
2019-10-15 12:35:02,,5.62,
2019-10-15 12:40:09,32.34,5.62,
2019-10-15 12:45:06,32.34,5.62,
2019-10-15 12:50:04,32.34,5.62,
2019-10-15 12:55:01,32.34,5.62,
2019-10-15 13:00:08,32.34,5.62,
2019-10-15 13:05:06,,5.77,
2019-10-15 13:10:03,33.46,5.77,
2019-10-15 13:15:00,33.46,5.77,
2019-10-15 13:20:07,33.46,5.77,
2019-10-15 13:25:04,33.46,5.77,
2019-10-15 13:30:01,33.46,5.77,
2019-10-15 13:35:09,,6.14,
2019-10-15 13:40:06,35.14,6.14,
2019-10-15 13:45:03,35.14,6.14,
2019-10-15 13:50:00,35.14,6.14,
2019-10-15 13:55:07,35.14,6.14,
2019-10-15 14:00:05,35.14,6.14,
2019-10-15 14:05:03,,6.45,
2019-10-15 14:10:00,36.54,6.45,
2019-10-15 14:15:07,36.54,6.45,
2019-10-15 14:20:04,36.54,6.45,
2019-10-15 14:25:01,36.54,6.45,
2019-10-15 14:30:08,36.54,6.45,
2019-10-15 14:35:06,,6.92,
2019-10-15 14:40:03,39.18,6.92,
2019-10-15 14:45:00,39.18,6.92,
2019-10-15 14:50:07,39.18,6.92,
2019-10-15 14:55:04,39.18,6.92,
2019-10-15 15:00:01,39.18,6.92,
2019-10-15 15:05:08,,7.17,
2019-10-15 15:10:06,39.46,7.17,
2019-10-15 15:15:03,39.46,7.17,
2019-10-15 15:20:00,39.46,7.17,
2019-10-15 15:25:06,39.46,7.17,
2019-10-15 15:30:04,39.46,7.17,
2019-10-15 15:35:02,,7.38,
2019-10-15 15:40:09,,7.38,
2019-10-15 15:45:07,,7.38,
2019-10-15 15:50:04,,7.38,
2019-10-15 15:55:01,,7.38,
2019-10-15 16:00:09,,7.38,
2019-10-15 16:05:07,,7.56,
2019-10-15 16:10:04,,7.56,
2019-10-15 16:15:01,,7.56,
2019-10-15 16:20:08,,7.56,
2019-10-15 16:25:05,,7.56,
2019-10-15 16:30:02,,7.56,
2019-10-15 16:35:09,,7.75,
2019-10-15 16:40:06,,7.75,
2019-10-15 16:45:03,,7.75,
2019-10-15 16:50:01,,7.75,
2019-10-15 16:55:08,,7.75,
2019-10-15 17:00:05,,7.75,
2019-10-15 17:05:02,,7.89,
2019-10-15 17:10:09,,7.89,
2019-10-15 17:15:06,,7.89,
2019-10-15 17:20:03,,7.89,
2019-10-15 17:25:00,,7.89,
2019-10-15 17:30:07,,7.89,
2019-10-15 17:35:04,,8.05,
2019-10-15 17:40:01,,8.05,
2019-10-15 17:45:08,,8.05,
2019-10-15 17:50:05,,8.05,
2019-10-15 17:55:02,,8.05,
2019-10-15 18:00:09,,8.05,
2019-10-15 18:05:06,,8.23,
2019-10-15 18:10:03,,8.23,
2019-10-15 18:15:01,,8.23,
2019-10-15 18:20:07,,8.23,
2019-10-15 18:25:05,,8.23,
2019-10-15 18:30:02,,8.23,
2019-10-15 18:35:09,,7.75,
2019-10-15 18:40:05,,7.75,
2019-10-15 18:45:03,,7.75,
2019-10-15 18:50:00,,7.75,
2019-10-15 18:55:07,,7.75,
2019-10-15 19:00:04,,7.75,
2019-10-15 19:05:01,,7.11,
2019-10-15 19:10:08,,7.11,
2019-10-15 19:15:05,,7.11,
2019-10-15 19:20:02,,7.11,
2019-10-15 19:25:09,,7.11,
2019-10-15 19:30:06,,7.11,
2019-10-15 19:35:04,,7.13,
2019-10-15 19:40:01,,7.13,
2019-10-15 19:45:08,,7.13,
2019-10-15 19:50:05,,7.13,
2019-10-15 19:55:02,,7.13,
2019-10-15 20:00:09,,7.13,
2019-10-15 20:05:06,,7.01,
2019-10-15 20:10:03,,7.01,
2019-10-15 20:15:00,,7.01,
2019-10-15 20:20:07,,7.01,
2019-10-15 20:25:04,,7.01,
2019-10-15 20:30:01,,7.01,
2019-10-15 20:35:08,,7.05,
2019-10-15 20:40:05,,7.05,
2019-10-15 20:45:02,,7.05,
2019-10-15 20:50:09,,7.05,
2019-10-15 20:55:06,,7.05,
2019-10-15 21:00:03,,7.05,
2019-10-15 21:05:00,,7.04,
2019-10-15 21:10:07,,7.04,
2019-10-15 21:15:04,,7.04,
2019-10-15 21:20:01,,7.04,
2019-10-15 21:25:09,,7.04,
2019-10-15 21:30:06,,7.04,
2019-10-15 21:35:03,,7.16,
2019-10-15 21:40:00,,7.16,
2019-10-15 21:45:07,,7.16,
2019-10-15 21:50:04,,7.16,
2019-10-15 21:55:01,,7.16,
2019-10-15 22:00:08,,7.16,
2019-10-15 22:05:05,,7.22,
2019-10-15 22:10:02,,7.22,
2019-10-15 22:15:09,,7.22,
2019-10-15 22:20:06,,7.22,
2019-10-15 22:25:03,,7.22,
2019-10-15 22:30:00,,7.22,
2019-10-15 22:35:07,,7.25,
2019-10-15 22:40:04,,7.25,
2019-10-15 22:45:01,,7.25,
2019-10-15 22:50:08,,7.25,
2019-10-15 22:55:05,,7.25,
2019-10-15 23:00:02,,7.25,
2019-10-15 23:05:09,,7.31,
2019-10-15 23:10:06,,7.31,
2019-10-15 23:15:03,,7.31,
2019-10-15 23:20:00,,7.31,
2019-10-15 23:25:07,,7.31,
2019-10-15 23:30:05,,7.31,
2019-10-15 23:35:02,,7.29,
2019-10-15 23:40:09,,7.29,
2019-10-15 23:45:06,,7.29,
2019-10-15 23:50:03,,7.29,
2019-10-15 23:55:00,,7.29,
2019-10-16 00:00:07,,7.29,
2019-10-16 00:05:04,,7.29,
2019-10-16 00:10:01,,7.29,
2019-10-16 00:15:08,,7.29,
2019-10-16 00:20:05,,7.29,
2019-10-16 00:25:02,,7.29,
2019-10-16 00:30:09,,7.29,
2019-10-16 00:35:06,,7.23,
2019-10-16 00:40:03,,7.23,
2019-10-16 00:45:00,,7.23,
2019-10-16 00:50:07,,7.23,
2019-10-16 00:55:04,,7.23,
2019-10-16 01:00:02,,7.23,
2019-10-16 01:05:09,,7.17,
2019-10-16 01:10:06,,7.17,
2019-10-16 01:15:03,,7.17,
2019-10-16 01:20:00,,7.17,
2019-10-16 01:25:07,,7.17,
2019-10-16 01:30:04,,7.17,
2019-10-16 01:35:01,,7.2,
2019-10-16 01:40:08,,7.2,
2019-10-16 01:45:05,,7.2,
2019-10-16 01:50:02,,7.2,
2019-10-16 01:55:09,,7.2,
2019-10-16 02:00:06,,7.2,
2019-10-16 02:05:03,,7.28,
2019-10-16 02:10:00,,7.28,
2019-10-16 02:15:07,,7.28,
2019-10-16 02:20:04,,7.28,
2019-10-16 02:25:01,,7.28,
2019-10-16 02:30:08,,7.28,
2019-10-16 02:35:05,,7.19,
2019-10-16 02:40:02,,7.19,
2019-10-16 02:45:09,,7.19,
2019-10-16 02:50:07,,7.19,
2019-10-16 02:55:04,,7.19,
2019-10-16 03:00:01,,7.19,
2019-10-16 03:05:08,,7.08,
2019-10-16 03:10:05,,7.08,
2019-10-16 03:15:02,,7.08,
2019-10-16 03:20:09,,7.08,
2019-10-16 03:25:06,,7.08,
2019-10-16 03:30:03,,7.08,
2019-10-16 03:35:00,,7.22,
2019-10-16 03:40:07,,7.22,
2019-10-16 03:45:04,,7.22,
2019-10-16 03:50:01,,7.22,
2019-10-16 03:55:08,,7.22,
2019-10-16 04:00:05,,7.22,
2019-10-16 04:05:02,,7.13,
2019-10-16 04:10:09,,7.13,
2019-10-16 04:15:06,,7.13,
2019-10-16 04:20:03,,7.13,
2019-10-16 04:25:00,,7.13,
2019-10-16 04:30:07,,7.13,
2019-10-16 04:35:04,,7.32,
2019-10-16 04:40:01,,7.32,
2019-10-16 04:45:08,,7.32,
2019-10-16 04:50:05,,7.32,
2019-10-16 04:55:02,,7.32,
2019-10-16 05:00:00,,7.32,
2019-10-16 05:05:06,,7.27,
2019-10-16 05:10:04,,7.27,
2019-10-16 05:15:01,,7.27,
2019-10-16 05:20:08,,7.27,
2019-10-16 05:25:05,,7.27,
2019-10-16 05:30:02,,7.27,
2019-10-16 05:35:09,,7.23,
2019-10-16 05:40:06,,7.23,
2019-10-16 05:45:03,,7.23,
2019-10-16 05:50:00,,7.23,
2019-10-16 05:55:06,,7.23,
2019-10-16 06:00:04,,7.23,
2019-10-16 06:05:01,,7.12,
2019-10-16 06:10:07,,7.12,
2019-10-16 06:15:05,,7.12,
2019-10-16 06:20:02,,7.12,
2019-10-16 06:25:09,,7.12,
2019-10-16 06:30:06,,7.12,
2019-10-16 06:35:03,,7.03,
2019-10-16 06:40:00,,7.03,
2019-10-16 06:45:07,,7.03,
2019-10-16 06:50:04,,7.03,
2019-10-16 06:55:01,,7.03,
2019-10-16 07:00:08,,7.03,
2019-10-16 07:05:05,,,
2019-10-16 07:10:02,,,
2019-10-16 07:15:09,,,
2019-10-16 07:20:06,,,
2019-10-16 07:25:03,,4.15,
2019-10-16 07:30:01,,4.15,
2019-10-16 07:35:08,,6.31,
2019-10-16 07:40:05,,6.31,
2019-10-16 07:45:02,,6.31,
2019-10-16 07:50:09,,6.31,
2019-10-16 07:55:06,,6.31,
2019-10-16 08:00:03,,6.31,
2019-10-16 08:05:00,,6.86,
2019-10-16 08:10:07,,6.86,
2019-10-16 08:15:04,,6.86,
2019-10-16 08:20:01,,6.86,
2019-10-16 08:25:08,,6.86,
2019-10-16 08:30:05,,6.86,
2019-10-16 08:35:02,,6.77,
2019-10-16 08:40:00,,6.77,
2019-10-16 08:45:06,,6.77,
2019-10-16 08:50:04,,6.77,
2019-10-16 08:55:01,,6.77,
2019-10-16 09:00:08,,6.77,
2019-10-16 09:05:05,,6.57,
2019-10-16 09:10:02,,6.57,
2019-10-16 09:15:09,,6.57,
2019-10-16 09:20:06,,6.57,
2019-10-16 09:25:03,,6.57,
2019-10-16 09:30:00,,6.57,
2019-10-16 09:35:07,,6.37,
2019-10-16 09:40:04,,6.37,
2019-10-16 09:45:01,,6.37,
2019-10-16 09:50:08,,6.37,
2019-10-16 09:55:05,,6.37,
2019-10-16 10:00:02,,6.37,
2019-10-16 10:05:09,,6.16,
2019-10-16 10:10:06,,6.16,
2019-10-16 10:15:03,,6.16,
2019-10-16 10:20:00,,6.16,
2019-10-16 10:25:07,,6.16,
2019-10-16 10:30:04,,6.16,
2019-10-16 10:35:01,,6.16,
2019-10-16 10:40:09,,6.16,
2019-10-16 10:45:06,,6.16,
2019-10-16 10:50:03,,6.16,
2019-10-16 10:55:01,,6.16,
2019-10-16 11:00:08,,6.16,
2019-10-16 11:05:05,,6.28,
2019-10-16 11:10:02,,6.28,
2019-10-16 11:15:09,39.83,6.28,
2019-10-16 11:20:06,39.83,6.28,
2019-10-16 11:25:04,39.83,6.28,
2019-10-16 11:30:01,39.83,6.28,
2019-10-16 11:35:08,,6.48,
2019-10-16 11:40:06,42.37,6.48,
2019-10-16 11:45:03,42.37,6.48,
2019-10-16 11:50:00,42.37,6.48,
2019-10-16 11:55:07,42.37,6.48,
2019-10-16 12:00:04,42.37,6.48,
2019-10-16 12:05:01,,6.48,
2019-10-16 12:10:08,,6.48,
2019-10-16 12:15:05,,6.48,
2019-10-16 12:20:03,,6.48,
2019-10-16 12:25:00,,6.48,
2019-10-16 12:30:07,44.21,6.48,
2019-10-16 12:35:05,,6.66,
2019-10-16 12:40:02,44.74,6.66,
2019-10-16 12:45:09,44.74,6.66,
2019-10-16 12:50:06,44.74,6.66,
2019-10-16 12:55:03,44.74,6.66,
2019-10-16 13:00:00,44.74,6.66,
2019-10-16 13:05:08,,6.71,
2019-10-16 13:10:05,46.85,6.71,
2019-10-16 13:15:02,46.85,6.71,
2019-10-16 13:20:09,46.85,6.71,
2019-10-16 13:25:06,46.85,6.71,
2019-10-16 13:30:03,46.85,6.71,
2019-10-16 13:35:01,,6.78,
2019-10-16 13:40:08,47.86,6.78,
2019-10-16 13:45:06,47.86,6.78,
2019-10-16 13:50:03,47.86,6.78,
2019-10-16 13:55:00,47.86,6.78,
2019-10-16 14:00:07,,6.78,
2019-10-16 14:05:04,,6.74,
2019-10-16 14:10:01,,,
2019-10-16 14:15:08,45.87,0.88,
2019-10-16 14:20:05,45.87,0.88,
2019-10-16 14:25:03,45.87,0.88,
2019-10-16 14:30:00,45.87,0.88,
2019-10-16 14:35:07,,4.52,
2019-10-16 14:40:05,48.3,4.52,
2019-10-16 14:45:02,48.3,4.52,
2019-10-16 14:50:09,48.3,4.52,
2019-10-16 14:55:06,48.3,4.52,
2019-10-16 15:00:03,48.3,4.52,
2019-10-16 15:05:01,,6.7,
2019-10-16 15:10:08,49.86,6.7,
2019-10-16 15:15:05,49.86,6.7,
2019-10-16 15:20:02,49.86,6.7,
2019-10-16 15:25:09,49.86,6.7,
2019-10-16 15:30:06,49.86,6.7,
2019-10-16 15:35:04,,6.99,
2019-10-16 15:40:01,50.55,6.99,
2019-10-16 15:45:08,50.55,6.99,
2019-10-16 15:50:05,50.55,6.99,
2019-10-16 15:55:02,50.55,6.99,
2019-10-16 16:00:09,50.55,6.99,
2019-10-16 16:05:07,,7.11,
2019-10-16 16:10:04,51.69,7.11,
2019-10-16 16:15:01,51.69,7.11,
2019-10-16 16:20:08,51.69,7.11,
2019-10-16 16:25:05,51.69,7.11,
2019-10-16 16:30:02,51.69,7.11,
2019-10-16 16:35:00,,7.07,
2019-10-16 16:40:07,51.96,7.07,
2019-10-16 16:45:04,51.96,7.07,
2019-10-16 16:50:02,51.96,7.07,
2019-10-16 16:55:09,51.96,7.07,
2019-10-16 17:00:06,51.96,7.07,
2019-10-16 17:05:04,,7.04,
2019-10-16 17:10:01,52.54,7.04,
2019-10-16 17:15:08,52.54,7.04,
2019-10-16 17:20:05,52.54,7.04,
2019-10-16 17:25:02,52.54,7.04,
2019-10-16 17:30:09,52.54,7.04,
2019-10-16 17:35:07,,7.09,
2019-10-16 17:40:04,52.53,7.09,
2019-10-16 17:45:01,52.53,7.09,
2019-10-16 17:50:08,52.53,7.09,
2019-10-16 17:55:05,52.53,7.09,
2019-10-16 18:00:02,52.53,7.09,
2019-10-16 18:05:00,,7.06,
2019-10-16 18:10:07,53.41,7.06,
2019-10-16 18:15:05,53.41,7.06,
2019-10-16 18:20:02,53.41,7.06,
2019-10-16 18:25:09,53.41,7.06,
2019-10-16 18:30:06,53.41,7.06,
2019-10-16 18:35:03,,6.99,
2019-10-16 18:40:01,53.96,6.99,
2019-10-16 18:45:08,53.96,6.99,
2019-10-16 18:50:05,53.96,6.99,
2019-10-16 18:55:02,53.96,6.99,
2019-10-16 19:00:09,53.96,6.99,
2019-10-16 19:05:07,,6.96,
2019-10-16 19:10:04,53.76,6.96,
2019-10-16 19:15:01,53.76,6.96,
2019-10-16 19:20:08,53.76,6.96,
2019-10-16 19:25:05,53.76,6.96,
2019-10-16 19:30:02,53.76,6.96,
2019-10-16 19:35:00,,6.93,
2019-10-16 19:40:07,54.63,6.93,
2019-10-16 19:45:04,54.63,6.93,
2019-10-16 19:50:01,54.63,6.93,
2019-10-16 19:55:08,54.63,6.93,
2019-10-16 20:00:05,54.63,6.93,
2019-10-16 20:05:03,,7.06,
2019-10-16 20:10:00,56.61,7.06,
2019-10-16 20:15:07,56.61,7.06,
2019-10-16 20:20:04,56.61,7.06,
2019-10-16 20:25:01,56.61,7.06,
2019-10-16 20:30:08,56.61,7.06,
2019-10-16 20:35:06,,7.01,
2019-10-16 20:40:03,54.75,7.01,
2019-10-16 20:45:00,54.75,7.01,
2019-10-16 20:50:07,54.75,7.01,
2019-10-16 20:55:04,54.75,7.01,
2019-10-16 21:00:01,54.75,7.01,
2019-10-16 21:05:09,,7.01,
2019-10-16 21:10:06,54.51,7.01,
2019-10-16 21:15:03,54.51,7.01,
2019-10-16 21:20:00,54.51,7.01,
2019-10-16 21:25:07,54.51,7.01,
2019-10-16 21:30:04,54.51,7.01,
2019-10-16 21:35:02,,6.97,
2019-10-16 21:40:09,55.19,6.97,
2019-10-16 21:45:06,55.19,6.97,
2019-10-16 21:50:04,55.19,6.97,
2019-10-16 21:55:01,55.19,6.97,
2019-10-16 22:00:08,55.19,6.97,
2019-10-16 22:05:06,,6.91,
2019-10-16 22:10:03,54.77,6.91,
2019-10-16 22:15:00,54.77,6.91,
2019-10-16 22:20:07,54.77,6.91,
2019-10-16 22:25:04,54.77,6.91,
2019-10-16 22:30:01,54.77,6.91,
2019-10-16 22:35:09,,6.87,
2019-10-16 22:40:06,54.19,6.87,
2019-10-16 22:45:03,54.19,6.87,
2019-10-16 22:50:00,54.19,6.87,
2019-10-16 22:55:07,54.19,6.87,
2019-10-16 23:00:04,54.19,6.87,
2019-10-16 23:05:02,,6.73,
2019-10-16 23:10:09,54.72,6.73,
2019-10-16 23:15:06,54.72,6.73,
2019-10-16 23:20:04,54.72,6.73,
2019-10-16 23:25:01,54.72,6.73,
2019-10-16 23:30:07,54.72,6.73,
2019-10-16 23:35:05,,6.72,
2019-10-16 23:40:03,55.12,6.72,
2019-10-16 23:45:00,55.12,6.72,
2019-10-16 23:50:07,55.12,6.72,
2019-10-16 23:55:04,55.12,6.72,
2019-10-17 00:00:01,55.12,6.72,
2019-10-17 00:05:08,,6.6,
2019-10-17 00:10:05,55.03,6.6,
2019-10-17 00:15:02,55.03,6.6,
2019-10-17 00:20:09,55.03,6.6,
2019-10-17 00:25:06,55.03,6.6,
2019-10-17 00:30:03,55.03,6.6,
2019-10-17 00:35:01,,6.55,
2019-10-17 00:40:08,54.35,6.55,
2019-10-17 00:45:05,54.35,6.55,
2019-10-17 00:50:02,54.35,6.55,
2019-10-17 00:55:09,54.35,6.55,
2019-10-17 01:00:07,54.35,6.55,
2019-10-17 01:05:04,,6.56,
2019-10-17 01:10:01,55.3,6.56,
2019-10-17 01:15:08,55.3,6.56,
2019-10-17 01:20:05,55.3,6.56,
2019-10-17 01:25:03,55.3,6.56,
2019-10-17 01:30:00,55.3,6.56,
2019-10-17 01:35:07,,6.62,
2019-10-17 01:40:04,54.81,6.62,
2019-10-17 01:45:01,54.81,6.62,
2019-10-17 01:50:08,54.81,6.62,
2019-10-17 01:55:05,54.81,6.62,
2019-10-17 02:00:03,54.81,6.62,
2019-10-17 02:05:00,,6.61,
2019-10-17 02:10:08,55.11,6.61,
2019-10-17 02:15:05,55.11,6.61,
2019-10-17 02:20:02,55.11,6.61,
2019-10-17 02:25:09,55.11,6.61,
2019-10-17 02:30:06,55.11,6.61,
2019-10-17 02:35:03,,6.64,
2019-10-17 02:40:01,54.68,6.64,
2019-10-17 02:45:07,54.68,6.64,
2019-10-17 02:50:05,54.68,6.64,
2019-10-17 02:55:02,54.68,6.64,
2019-10-17 03:00:09,54.68,6.64,
2019-10-17 03:05:06,,6.88,
2019-10-17 03:10:03,56.75,6.88,
2019-10-17 03:15:01,56.75,6.88,
2019-10-17 03:20:08,56.75,6.88,
2019-10-17 03:25:05,56.75,6.88,
2019-10-17 03:30:02,56.75,6.88,
2019-10-17 03:35:09,,6.96,
2019-10-17 03:40:06,55.89,6.96,
2019-10-17 03:45:03,55.89,6.96,
2019-10-17 03:50:01,55.89,6.96,
2019-10-17 03:55:08,55.89,6.96,
2019-10-17 04:00:05,55.89,6.96,
2019-10-17 04:05:03,,7.13,
2019-10-17 04:10:00,57.29,7.13,
2019-10-17 04:15:07,57.29,7.13,
2019-10-17 04:20:04,57.29,7.13,
2019-10-17 04:25:01,57.29,7.13,
2019-10-17 04:30:08,57.29,7.13,
2019-10-17 04:35:06,,7.17,
2019-10-17 04:40:03,54.94,7.17,
2019-10-17 04:45:00,54.94,7.17,
2019-10-17 04:50:07,54.94,7.17,
2019-10-17 04:55:04,54.94,7.17,
2019-10-17 05:00:01,54.94,7.17,
2019-10-17 05:05:09,,7.31,
2019-10-17 05:10:06,56.03,7.31,
2019-10-17 05:15:03,56.03,7.31,
2019-10-17 05:20:04,,,
2019-10-17 05:25:01,,7.46,
2019-10-17 05:30:08,56.85,7.46,
2019-10-17 05:35:06,,7.69,
2019-10-17 05:40:03,57.74,7.69,
2019-10-17 05:45:00,57.74,7.69,
2019-10-17 05:50:07,57.74,7.69,
2019-10-17 05:55:04,57.74,7.69,
2019-10-17 06:00:01,57.74,7.69,
2019-10-17 06:05:08,,6.73,
2019-10-17 06:10:05,57.28,6.73,
2019-10-17 06:15:03,57.28,6.73,
2019-10-17 06:20:00,57.28,6.73,
2019-10-17 06:25:07,57.28,6.73,
2019-10-17 06:30:04,57.28,6.73,
2019-10-17 06:35:01,,6.2,
2019-10-17 06:40:08,56.14,6.2,
2019-10-17 06:45:05,56.14,6.2,
2019-10-17 06:50:03,56.14,6.2,
2019-10-17 06:55:00,56.14,6.2,
2019-10-17 07:00:07,56.14,6.2,
2019-10-17 07:05:04,,,
2019-10-17 07:10:01,,,
2019-10-17 07:15:08,,,
2019-10-17 07:20:05,,,
2019-10-17 07:25:03,,3.07,
2019-10-17 07:30:00,,3.07,
2019-10-17 07:35:07,,4.98,
2019-10-17 07:40:04,33.35,4.98,
2019-10-17 07:45:02,33.35,4.98,
2019-10-17 07:50:09,33.35,4.98,
2019-10-17 07:55:06,33.35,4.98,
2019-10-17 08:00:03,33.35,4.98,
2019-10-17 08:05:01,,5.66,
2019-10-17 08:10:08,34.31,5.66,
2019-10-17 08:15:06,34.31,5.66,
2019-10-17 08:20:03,34.31,5.66,
2019-10-17 08:25:00,34.31,5.66,
2019-10-17 08:30:07,34.31,5.66,
2019-10-17 08:35:05,,5.8,
2019-10-17 08:40:02,34.86,5.8,
2019-10-17 08:45:09,34.86,5.8,
2019-10-17 08:50:06,34.86,5.8,
2019-10-17 08:55:03,34.86,5.8,
2019-10-17 09:00:00,34.86,5.8,
2019-10-17 09:05:07,,5.77,
2019-10-17 09:10:04,34.0,5.77,
2019-10-17 09:15:02,34.0,5.77,
2019-10-17 09:20:08,34.0,5.77,
2019-10-17 09:25:06,34.0,5.77,
2019-10-17 09:30:03,34.0,5.77,
2019-10-17 09:35:00,,5.83,
2019-10-17 09:40:08,34.81,5.83,
2019-10-17 09:45:05,34.81,5.83,
2019-10-17 09:50:02,34.81,5.83,
2019-10-17 09:55:09,34.81,5.83,
2019-10-17 10:00:06,34.81,5.83,
2019-10-17 10:05:04,,5.95,
2019-10-17 10:10:01,34.52,5.95,
2019-10-17 10:15:08,34.52,5.95,
2019-10-17 10:20:05,34.52,5.95,
2019-10-17 10:25:02,34.52,5.95,
2019-10-17 10:30:09,34.52,5.95,
2019-10-17 10:35:07,,5.88,
2019-10-17 10:40:04,35.65,5.88,
2019-10-17 10:45:01,35.65,5.88,
2019-10-17 10:50:08,35.65,5.88,
2019-10-17 10:55:05,35.65,5.88,
2019-10-17 11:00:02,35.65,5.88,
2019-10-17 11:05:00,,5.91,
2019-10-17 11:10:07,36.83,5.91,
2019-10-17 11:15:04,36.83,5.91,
2019-10-17 11:20:01,36.83,5.91,
2019-10-17 11:25:08,36.83,5.91,
2019-10-17 11:30:05,36.83,5.91,
2019-10-17 11:35:03,,5.87,
2019-10-17 11:40:00,36.91,5.87,
2019-10-17 11:45:07,36.91,5.87,
2019-10-17 11:50:04,36.91,5.87,
2019-10-17 11:55:01,36.91,5.87,
2019-10-17 12:00:08,36.91,5.87,
2019-10-17 12:05:06,,5.91,
2019-10-17 12:10:03,,5.91,
2019-10-17 12:15:00,,5.91,
2019-10-17 12:20:08,,5.91,
2019-10-17 12:25:05,,5.91,
2019-10-17 12:30:02,,5.91,
2019-10-17 12:35:09,,5.78,
2019-10-17 12:40:06,,5.78,
2019-10-17 12:45:03,,5.78,
2019-10-17 12:50:00,,5.78,
2019-10-17 12:55:07,,5.78,
2019-10-17 13:00:04,,5.78,
2019-10-17 13:05:01,,5.81,
2019-10-17 13:10:08,,5.81,
2019-10-17 13:15:05,,5.81,
2019-10-17 13:20:02,,5.81,
2019-10-17 13:25:09,,5.81,
2019-10-17 13:30:06,,5.81,
2019-10-17 13:35:03,,5.77,
2019-10-17 13:40:00,,5.77,
2019-10-17 13:45:07,,5.77,
2019-10-17 13:50:04,,5.77,
2019-10-17 13:55:02,,5.77,
2019-10-17 14:00:09,,5.77,
2019-10-17 14:05:06,,5.85,
2019-10-17 14:10:03,,5.85,
2019-10-17 14:15:00,,5.85,
2019-10-17 14:20:07,,5.85,
2019-10-17 14:25:04,,5.85,
2019-10-17 14:30:01,,5.85,
2019-10-17 14:35:08,,5.69,
2019-10-17 14:40:05,,5.69,
2019-10-17 14:45:02,,5.69,
2019-10-17 14:50:09,,5.69,
2019-10-17 14:55:06,,5.69,
2019-10-17 15:00:03,,5.69,
2019-10-17 15:05:00,,5.55,
2019-10-17 15:10:07,,5.55,
2019-10-17 15:15:04,,5.55,
2019-10-17 15:20:01,,5.55,
2019-10-17 15:25:08,,5.55,
2019-10-17 15:30:05,,5.55,
2019-10-17 15:35:02,,5.47,
2019-10-17 15:40:09,,5.47,
2019-10-17 15:45:06,,5.47,
2019-10-17 15:50:03,,5.47,
2019-10-17 15:55:00,,5.47,
2019-10-17 16:00:07,,5.47,
2019-10-17 16:05:04,,5.31,
2019-10-17 16:10:01,,5.31,
2019-10-17 16:15:08,,5.31,
2019-10-17 16:20:05,,5.31,
2019-10-17 16:25:02,,5.31,
2019-10-17 16:30:09,,5.31,
2019-10-17 16:35:06,,5.14,
2019-10-17 16:40:04,,5.14,
2019-10-17 16:45:01,,5.14,
2019-10-17 16:50:08,,5.14,
2019-10-17 16:55:05,,5.14,
2019-10-17 17:00:03,,5.14,
2019-10-17 17:05:00,,5.06,
2019-10-17 17:10:08,,5.06,
2019-10-17 17:15:05,24.43,5.06,
2019-10-17 17:20:02,24.43,5.06,
2019-10-17 17:25:09,24.43,5.06,
2019-10-17 17:30:06,24.43,5.06,
2019-10-17 17:35:04,,5.0,
2019-10-17 17:40:01,26.16,5.0,
2019-10-17 17:45:08,26.16,5.0,
2019-10-17 17:50:05,26.16,5.0,
2019-10-17 17:55:02,26.16,5.0,
2019-10-17 18:00:09,26.16,5.0,
2019-10-17 18:05:07,,4.86,
2019-10-17 18:10:04,26.82,4.86,
2019-10-17 18:15:01,26.82,4.86,
2019-10-17 18:20:08,26.82,4.86,
2019-10-17 18:25:05,26.82,4.86,
2019-10-17 18:30:02,26.82,4.86,
2019-10-17 18:35:00,,4.74,
2019-10-17 18:40:07,26.7,4.74,
2019-10-17 18:45:04,26.7,4.74,
2019-10-17 18:50:02,26.7,4.74,
2019-10-17 18:55:09,26.7,4.74,
2019-10-17 19:00:06,26.7,4.74,
2019-10-17 19:05:04,,4.68,
2019-10-17 19:10:01,27.53,4.68,
2019-10-17 19:15:08,27.53,4.68,
2019-10-17 19:20:05,27.53,4.68,
2019-10-17 19:25:02,27.53,4.68,
2019-10-17 19:30:09,27.53,4.68,
2019-10-17 19:35:07,,4.56,
2019-10-17 19:40:04,27.68,4.56,
2019-10-17 19:45:01,27.68,4.56,
2019-10-17 19:50:08,27.68,4.56,
2019-10-17 19:55:05,27.68,4.56,
2019-10-17 20:00:02,27.68,4.56,
2019-10-17 20:05:00,,4.64,
2019-10-17 20:10:07,28.33,4.64,
2019-10-17 20:15:05,28.33,4.64,
2019-10-17 20:20:02,28.33,4.64,
2019-10-17 20:25:09,28.33,4.64,
2019-10-17 20:30:06,28.33,4.64,
2019-10-17 20:35:04,,4.45,
2019-10-17 20:40:01,29.41,4.45,
2019-10-17 20:45:08,29.41,4.45,
2019-10-17 20:50:05,29.41,4.45,
2019-10-17 20:55:02,29.41,4.45,
2019-10-17 21:00:09,29.41,4.45,
2019-10-17 21:05:07,,4.63,
2019-10-17 21:10:05,30.27,4.63,
2019-10-17 21:15:02,30.27,4.63,
2019-10-17 21:20:09,30.27,4.63,
2019-10-17 21:25:06,30.27,4.63,
2019-10-17 21:30:03,30.27,4.63,
2019-10-17 21:35:01,,4.69,
2019-10-17 21:40:08,31.68,4.69,
2019-10-17 21:45:05,31.68,4.69,
2019-10-17 21:50:03,31.68,4.69,
2019-10-17 21:55:00,31.68,4.69,
2019-10-17 22:00:06,31.68,4.69,
2019-10-17 22:05:05,,4.6,
2019-10-17 22:10:02,32.11,4.6,
2019-10-17 22:15:09,32.11,4.6,
2019-10-17 22:20:06,32.11,4.6,
2019-10-17 22:25:03,32.11,4.6,
2019-10-17 22:30:00,32.11,4.6,
2019-10-17 22:35:08,,4.64,
2019-10-17 22:40:05,32.53,4.64,
2019-10-17 22:45:03,32.53,4.64,
2019-10-17 22:50:00,32.53,4.64,
2019-10-17 22:55:07,32.53,4.64,
2019-10-17 23:00:04,32.53,4.64,
2019-10-17 23:05:02,,4.63,
2019-10-17 23:10:09,34.11,4.63,
2019-10-17 23:15:06,34.11,4.63,
2019-10-17 23:20:03,34.11,4.63,
2019-10-17 23:25:00,34.11,4.63,
2019-10-17 23:30:07,34.11,4.63,
2019-10-17 23:35:05,,4.52,
2019-10-17 23:40:02,34.18,4.52,
2019-10-17 23:45:09,34.18,4.52,
2019-10-17 23:50:06,34.18,4.52,
2019-10-17 23:55:03,34.18,4.52,
2019-10-18 00:00:00,34.18,4.52,
2019-10-18 00:05:08,,4.57,
2019-10-18 00:10:05,36.27,4.57,
2019-10-18 00:15:03,36.27,4.57,
2019-10-18 00:20:00,36.27,4.57,
2019-10-18 00:25:07,36.27,4.57,
2019-10-18 00:30:04,36.27,4.57,
2019-10-18 00:35:02,,4.39,
2019-10-18 00:40:09,36.16,4.39,
2019-10-18 00:45:06,36.16,4.39,
2019-10-18 00:50:03,36.16,4.39,
2019-10-18 00:55:00,36.16,4.39,
2019-10-18 01:00:07,36.16,4.39,
2019-10-18 01:05:05,,4.51,
2019-10-18 01:10:02,36.54,4.51,
2019-10-18 01:15:09,36.54,4.51,
2019-10-18 01:20:06,36.54,4.51,
2019-10-18 01:25:03,36.54,4.51,
2019-10-18 01:30:01,36.54,4.51,
2019-10-18 01:35:08,,4.35,
2019-10-18 01:40:06,37.4,4.35,
2019-10-18 01:45:03,37.4,4.35,
2019-10-18 01:50:00,37.4,4.35,
2019-10-18 01:55:07,37.4,4.35,
2019-10-18 02:00:04,37.4,4.35,
2019-10-18 02:05:02,,4.36,
2019-10-18 02:10:09,38.12,4.36,
2019-10-18 02:15:06,38.12,4.36,
2019-10-18 02:20:03,38.12,4.36,
2019-10-18 02:25:00,38.12,4.36,
2019-10-18 02:30:07,38.12,4.36,
2019-10-18 02:35:05,,4.3,
2019-10-18 02:40:03,38.93,4.3,
2019-10-18 02:45:00,38.93,4.3,
2019-10-18 02:50:07,38.93,4.3,
2019-10-18 02:55:04,38.93,4.3,
2019-10-18 03:00:01,38.93,4.3,
2019-10-18 03:05:09,,4.18,
2019-10-18 03:10:06,39.39,4.18,
2019-10-18 03:15:03,39.39,4.18,
2019-10-18 03:20:00,39.39,4.18,
2019-10-18 03:25:07,39.39,4.18,
2019-10-18 03:30:04,39.39,4.18,
2019-10-18 03:35:02,,4.1,
2019-10-18 03:40:09,40.47,4.1,
2019-10-18 03:45:06,40.47,4.1,
2019-10-18 03:50:03,40.47,4.1,
2019-10-18 03:55:01,40.47,4.1,
2019-10-18 04:00:08,40.47,4.1,
2019-10-18 04:05:06,,4.06,
2019-10-18 04:10:03,40.59,4.06,
2019-10-18 04:15:00,40.59,4.06,
2019-10-18 04:20:07,40.59,4.06,
2019-10-18 04:25:04,40.59,4.06,
2019-10-18 04:30:01,40.59,4.06,
2019-10-18 04:35:09,,4.13,
2019-10-18 04:40:06,42.3,4.13,
2019-10-18 04:45:04,42.3,4.13,
2019-10-18 04:50:01,42.3,4.13,
2019-10-18 04:55:07,42.3,4.13,
2019-10-18 05:00:04,42.3,4.13,
2019-10-18 05:05:03,,4.05,
2019-10-18 05:10:00,42.85,4.05,
2019-10-18 05:15:07,42.85,4.05,
2019-10-18 05:20:04,42.85,4.05,
2019-10-18 05:25:01,42.85,4.05,
2019-10-18 05:30:08,42.85,4.05,
2019-10-18 05:35:06,,4.07,
2019-10-18 05:40:03,45.69,4.07,
2019-10-18 05:45:00,45.69,4.07,
2019-10-18 05:50:07,45.69,4.07,
2019-10-18 05:55:04,45.69,4.07,
2019-10-18 06:00:02,45.69,4.07,
2019-10-18 06:05:00,,3.99,
2019-10-18 06:10:07,46.23,3.99,
2019-10-18 06:15:04,46.23,3.99,
2019-10-18 06:20:01,46.23,3.99,
2019-10-18 06:25:08,46.23,3.99,
2019-10-18 06:30:05,46.23,3.99,
2019-10-18 06:35:03,,3.93,
2019-10-18 06:40:00,49.54,3.93,
2019-10-18 06:45:07,49.54,3.93,
2019-10-18 06:50:04,49.54,3.93,
2019-10-18 06:55:01,49.54,3.93,
2019-10-18 07:00:08,49.54,3.93,
2019-10-18 07:05:06,,,
2019-10-18 07:10:03,,,
2019-10-18 07:15:00,,,
2019-10-18 07:20:07,,,
2019-10-18 07:25:05,,1.85,
2019-10-18 07:30:02,,1.85,
2019-10-18 07:35:09,,3.32,
2019-10-18 07:40:06,16.09,3.32,
2019-10-18 07:45:03,16.09,3.32,
2019-10-18 07:50:00,16.09,3.32,
2019-10-18 07:55:07,16.09,3.32,
2019-10-18 08:00:04,16.09,3.32,
2019-10-18 08:05:02,,3.79,
2019-10-18 08:10:09,18.88,3.79,
2019-10-18 08:15:06,18.88,3.79,
2019-10-18 08:20:03,18.88,3.79,
2019-10-18 08:25:00,18.88,3.79,
2019-10-18 08:30:07,18.88,3.79,
2019-10-18 08:35:05,,4.0,
2019-10-18 08:40:02,20.92,4.0,
2019-10-18 08:45:09,20.92,4.0,
2019-10-18 08:50:06,20.92,4.0,
2019-10-18 08:55:03,20.92,4.0,
2019-10-18 09:00:01,20.92,4.0,
2019-10-18 09:05:08,,4.01,
2019-10-18 09:10:05,22.33,4.01,
2019-10-18 09:15:02,22.33,4.01,
2019-10-18 09:20:09,22.33,4.01,
2019-10-18 09:25:06,22.33,4.01,
2019-10-18 09:30:03,22.33,4.01,
2019-10-18 09:35:01,,4.1,
2019-10-18 09:40:08,24.35,4.1,
2019-10-18 09:45:05,24.35,4.1,
2019-10-18 09:50:02,24.35,4.1,
2019-10-18 09:55:00,24.35,4.1,
2019-10-18 10:00:07,24.35,4.1,
2019-10-18 10:05:01,,4.33,
2019-10-18 10:10:08,27.25,4.33,
2019-10-18 10:15:05,27.25,4.33,
2019-10-18 10:20:02,27.25,4.33,
2019-10-18 10:25:09,27.25,4.33,
2019-10-18 10:30:06,27.25,4.33,
2019-10-18 10:35:04,,4.1,
2019-10-18 10:40:01,29.18,4.1,
2019-10-18 10:45:08,,,
2019-10-18 10:50:05,,,
2019-10-18 10:55:03,,,
2019-10-18 11:00:00,,,
