datetime,NH4 Trescon,NOx Trescon
09.10.19 00:00:06,30.32,3.08
09.10.19 00:05:03,,3.14
09.10.19 00:10:00,30.31,3.14
09.10.19 00:15:07,30.31,3.14
09.10.19 00:20:05,30.31,3.14
09.10.19 00:25:02,30.31,3.14
09.10.19 00:30:09,30.31,3.14
09.10.19 00:35:07,,3.19
09.10.19 00:40:04,30.24,3.19
09.10.19 00:45:01,30.24,3.19
09.10.19 00:50:08,30.24,3.19
09.10.19 00:55:05,30.24,3.19
09.10.19 01:00:02,30.24,3.19
09.10.19 01:05:00,,3.2
09.10.19 01:10:07,30.03,3.2
09.10.19 01:15:04,30.03,3.2
09.10.19 01:20:01,30.03,3.2
09.10.19 01:25:08,30.03,3.2
09.10.19 01:30:06,30.03,3.2
09.10.19 01:35:03,,3.22
09.10.19 01:40:00,30.16,3.22
09.10.19 01:45:08,30.16,3.22
09.10.19 01:50:04,30.16,3.22
09.10.19 01:55:02,30.16,3.22
09.10.19 02:00:09,30.16,3.22
09.10.19 02:05:06,,3.26
09.10.19 02:10:03,29.84,3.26
09.10.19 02:15:01,29.84,3.26
09.10.19 02:20:07,29.84,3.26
09.10.19 02:25:04,29.84,3.26
09.10.19 02:30:02,29.84,3.26
09.10.19 02:35:09,,3.25
09.10.19 02:40:06,30.12,3.25
09.10.19 02:45:04,30.12,3.25
09.10.19 02:50:01,30.12,3.25
09.10.19 02:55:08,30.12,3.25
09.10.19 03:00:05,30.12,3.25
09.10.19 03:05:03,,3.3
09.10.19 03:10:00,29.96,3.3
09.10.19 03:15:07,29.96,3.3
09.10.19 03:20:04,29.96,3.3
09.10.19 03:25:01,29.96,3.3
09.10.19 03:30:08,29.96,3.3
09.10.19 03:35:06,,3.33
09.10.19 03:40:03,30.03,3.33
09.10.19 03:45:01,30.03,3.33
09.10.19 03:50:08,30.03,3.33
09.10.19 03:55:05,30.03,3.33
09.10.19 04:00:02,30.03,3.33
09.10.19 04:05:00,,3.3
09.10.19 04:10:07,30.36,3.3
09.10.19 04:15:04,30.36,3.3
09.10.19 04:20:01,30.36,3.3
09.10.19 04:25:08,30.36,3.3
09.10.19 04:30:05,30.36,3.3
09.10.19 04:35:03,,3.38
09.10.19 04:40:00,30.11,3.38
09.10.19 04:45:07,30.11,3.38
09.10.19 04:50:05,30.11,3.38
09.10.19 04:55:02,30.11,3.38
09.10.19 05:00:09,30.11,3.38
09.10.19 05:05:07,,3.47
09.10.19 05:10:04,30.27,3.47
09.10.19 05:15:01,30.27,3.47
09.10.19 05:20:08,30.27,3.47
09.10.19 05:25:05,30.27,3.47
09.10.19 05:30:02,30.27,3.47
09.10.19 05:35:00,,3.39
09.10.19 05:40:07,30.32,3.39
09.10.19 05:45:04,30.32,3.39
09.10.19 05:50:01,30.32,3.39
09.10.19 05:55:08,30.32,3.39
09.10.19 06:00:05,30.32,3.39
09.10.19 06:05:03,,3.44
09.10.19 06:10:00,30.53,3.44
09.10.19 06:15:07,30.53,3.44
09.10.19 06:20:04,30.53,3.44
09.10.19 06:25:01,30.53,3.44
09.10.19 06:30:08,30.53,3.44
09.10.19 06:35:07,,3.48
09.10.19 06:40:04,30.86,3.48
09.10.19 06:45:01,30.86,3.48
09.10.19 06:50:08,30.86,3.48
09.10.19 06:55:05,30.86,3.48
09.10.19 07:00:02,30.86,3.48
09.10.19 07:05:09,,
09.10.19 07:10:06,,
09.10.19 07:15:03,,
09.10.19 07:20:00,,
09.10.19 07:25:07,,1.65
09.10.19 07:30:05,,1.65
09.10.19 07:35:03,,2.87
09.10.19 07:40:00,33.66,2.87
09.10.19 07:45:07,33.66,2.87
09.10.19 07:50:04,33.66,2.87
09.10.19 07:55:01,33.66,2.87
09.10.19 08:00:08,33.66,2.87
09.10.19 08:05:05,,3.11
09.10.19 08:10:03,33.72,3.11
09.10.19 08:15:00,33.72,3.11
09.10.19 08:20:07,33.72,3.11
09.10.19 08:25:04,33.72,3.11
09.10.19 08:30:01,33.72,3.11
09.10.19 08:35:09,,3.18
09.10.19 08:40:06,33.81,3.18
09.10.19 08:45:03,33.81,3.18
09.10.19 08:50:00,33.81,3.18
09.10.19 08:55:07,33.81,3.18
09.10.19 09:00:04,33.81,3.18
09.10.19 09:05:02,,3.16
09.10.19 09:10:09,34.24,3.16
09.10.19 09:15:06,34.24,3.16
09.10.19 09:20:03,34.24,3.16
09.10.19 09:25:01,34.24,3.16
09.10.19 09:30:07,34.24,3.16
09.10.19 09:35:05,,3.08
09.10.19 09:40:02,35.43,3.08
09.10.19 09:45:09,35.43,3.08
09.10.19 09:50:06,35.43,3.08
09.10.19 09:55:03,35.43,3.08
09.10.19 10:00:00,35.43,3.08
09.10.19 10:05:08,,3.11
09.10.19 10:10:05,35.61,3.11
09.10.19 10:15:02,35.61,3.11
09.10.19 10:20:09,35.61,3.11
09.10.19 10:25:06,35.61,3.11
09.10.19 10:30:04,35.61,3.11
09.10.19 10:35:01,,3.15
09.10.19 10:40:08,37.06,3.15
09.10.19 10:45:05,37.06,3.15
09.10.19 10:50:02,37.06,3.15
09.10.19 10:55:09,37.06,3.15
09.10.19 11:00:06,37.06,3.15
09.10.19 11:05:04,,3.2
09.10.19 11:10:01,37.71,3.2
09.10.19 11:15:08,37.71,3.2
09.10.19 11:20:05,37.71,3.2
09.10.19 11:25:03,37.71,3.2
09.10.19 11:30:00,37.71,3.2
09.10.19 11:35:07,,3.33
09.10.19 11:40:04,38.79,3.33
09.10.19 11:45:02,38.79,3.33
09.10.19 11:50:09,38.79,3.33
09.10.19 11:55:06,38.79,3.33
09.10.19 12:00:03,38.79,3.33
09.10.19 12:05:01,,3.38
09.10.19 12:10:08,39.06,3.38
09.10.19 12:15:05,39.06,3.38
09.10.19 12:20:02,39.06,3.38
09.10.19 12:25:09,39.06,3.38
09.10.19 12:30:06,39.06,3.38
09.10.19 12:35:05,,3.56
09.10.19 12:40:02,39.99,3.56
09.10.19 12:45:09,39.99,3.56
09.10.19 12:50:06,39.99,3.56
09.10.19 12:55:03,39.99,3.56
09.10.19 13:00:00,39.99,3.56
09.10.19 13:05:08,,3.65
09.10.19 13:10:05,40.33,3.65
09.10.19 13:15:02,40.33,3.65
09.10.19 13:20:09,40.33,3.65
09.10.19 13:25:06,40.33,3.65
09.10.19 13:30:04,40.33,3.65
09.10.19 13:35:01,,3.71
09.10.19 13:40:09,41.3,3.71
09.10.19 13:45:06,41.3,3.71
09.10.19 13:50:03,41.3,3.71
09.10.19 13:55:00,41.3,3.71
09.10.19 14:00:07,41.3,3.71
09.10.19 14:05:05,,3.48
09.10.19 14:10:02,40.99,3.48
09.10.19 14:15:09,40.99,3.48
09.10.19 14:20:06,40.99,3.48
09.10.19 14:25:03,40.99,3.48
09.10.19 14:30:00,40.99,3.48
09.10.19 14:35:08,,3.08
09.10.19 14:40:05,40.89,3.08
09.10.19 14:45:02,40.89,3.08
09.10.19 14:50:00,40.89,3.08
09.10.19 14:55:07,40.89,3.08
09.10.19 15:00:04,40.89,3.08
09.10.19 15:05:01,,3.01
09.10.19 15:10:08,40.45,3.01
09.10.19 15:15:05,40.45,3.01
09.10.19 15:20:03,40.45,3.01
09.10.19 15:25:00,40.45,3.01
09.10.19 15:30:07,40.45,3.01
09.10.19 15:35:04,,2.91
09.10.19 15:40:02,39.97,2.91
09.10.19 15:45:08,39.97,2.91
09.10.19 15:50:06,39.97,2.91
09.10.19 15:55:03,39.97,2.91
09.10.19 16:00:00,39.97,2.91
09.10.19 16:05:07,,2.95
09.10.19 16:10:04,39.4,2.95
09.10.19 16:15:01,39.4,2.95
09.10.19 16:20:09,39.4,2.95
09.10.19 16:25:06,39.4,2.95
09.10.19 16:30:03,39.4,2.95
09.10.19 16:35:00,,2.86
09.10.19 16:40:07,39.32,2.86
09.10.19 16:45:04,39.32,2.86
09.10.19 16:50:02,39.32,2.86
09.10.19 16:55:09,39.32,2.86
09.10.19 17:00:06,39.32,2.86
09.10.19 17:05:04,,2.93
09.10.19 17:10:01,39.21,2.93
09.10.19 17:15:08,39.21,2.93
09.10.19 17:20:05,39.21,2.93
09.10.19 17:25:02,39.21,2.93
09.10.19 17:30:09,39.21,2.93
09.10.19 17:35:07,,2.82
09.10.19 17:40:04,38.71,2.82
09.10.19 17:45:01,38.71,2.82
09.10.19 17:50:08,38.71,2.82
09.10.19 17:55:05,38.71,2.82
09.10.19 18:00:02,38.71,2.82
09.10.19 18:05:00,,2.85
09.10.19 18:10:07,38.13,2.85
09.10.19 18:15:04,38.13,2.85
09.10.19 18:20:01,38.13,2.85
09.10.19 18:25:08,38.13,2.85
09.10.19 18:30:06,38.13,2.85
09.10.19 18:35:04,,2.82
09.10.19 18:40:01,37.24,2.82
09.10.19 18:45:08,37.24,2.82
09.10.19 18:50:05,37.24,2.82
09.10.19 18:55:02,37.24,2.82
09.10.19 19:00:09,37.24,2.82
09.10.19 19:05:07,,2.88
09.10.19 19:10:04,36.72,2.88
09.10.19 19:15:01,36.72,2.88
09.10.19 19:20:08,36.72,2.88
09.10.19 19:25:05,36.72,2.88
09.10.19 19:30:02,36.72,2.88
09.10.19 19:35:00,,2.85
09.10.19 19:40:07,35.85,2.85
09.10.19 19:45:04,35.85,2.85
09.10.19 19:50:01,35.85,2.85
09.10.19 19:55:09,35.85,2.85
09.10.19 20:00:06,35.85,2.85
09.10.19 20:05:04,,2.86
09.10.19 20:10:01,35.5,2.86
09.10.19 20:15:08,35.5,2.86
09.10.19 20:20:05,35.5,2.86
09.10.19 20:25:02,35.5,2.86
09.10.19 20:30:09,35.5,2.86
09.10.19 20:35:07,,2.94
09.10.19 20:40:04,34.81,2.94
09.10.19 20:45:01,34.81,2.94
09.10.19 20:50:08,34.81,2.94
09.10.19 20:55:05,34.81,2.94
09.10.19 21:00:02,34.81,2.94
09.10.19 21:05:00,,2.91
09.10.19 21:10:07,34.5,2.91
09.10.19 21:15:04,34.5,2.91
09.10.19 21:20:01,34.5,2.91
09.10.19 21:25:08,34.5,2.91
09.10.19 21:30:05,34.5,2.91
09.10.19 21:35:03,,2.93
09.10.19 21:40:00,33.57,2.93
09.10.19 21:45:07,33.57,2.93
09.10.19 21:50:04,33.57,2.93
09.10.19 21:55:01,33.57,2.93
09.10.19 22:00:08,33.57,2.93
09.10.19 22:05:06,,2.87
09.10.19 22:10:03,32.72,2.87
09.10.19 22:15:00,32.72,2.87
09.10.19 22:20:07,32.72,2.87
09.10.19 22:25:04,32.72,2.87
09.10.19 22:30:01,32.72,2.87
09.10.19 22:35:09,,2.83
09.10.19 22:40:06,31.51,2.83
09.10.19 22:45:03,31.51,2.83
09.10.19 22:50:00,31.51,2.83
09.10.19 22:55:07,31.51,2.83
09.10.19 23:00:04,31.51,2.83
09.10.19 23:05:02,,2.84
09.10.19 23:10:09,30.72,2.84
09.10.19 23:15:06,30.72,2.84
09.10.19 23:20:03,30.72,2.84
09.10.19 23:25:00,30.72,2.84
09.10.19 23:30:07,30.72,2.84
09.10.19 23:35:05,,2.79
09.10.19 23:40:02,29.45,2.79
09.10.19 23:45:09,29.45,2.79
09.10.19 23:50:06,29.45,2.79
09.10.19 23:55:03,29.45,2.79
10.10.19 00:00:01,29.45,2.79
10.10.19 00:05:08,,2.73
10.10.19 00:10:05,28.46,2.73
10.10.19 00:15:03,28.46,2.73
10.10.19 00:20:00,28.46,2.73
10.10.19 00:25:07,28.46,2.73
10.10.19 00:30:04,28.46,2.73
10.10.19 00:35:02,,2.66
10.10.19 00:40:08,27.2,2.66
10.10.19 00:45:06,27.2,2.66
10.10.19 00:50:03,27.2,2.66
10.10.19 00:55:00,27.2,2.66
10.10.19 01:00:07,27.2,2.66
10.10.19 01:05:05,,2.58
10.10.19 01:10:02,26.62,2.58
10.10.19 01:15:09,26.62,2.58
10.10.19 01:20:06,26.62,2.58
10.10.19 01:25:03,26.62,2.58
10.10.19 01:30:00,26.62,2.58
10.10.19 01:35:08,,2.59
10.10.19 01:40:05,25.29,2.59
10.10.19 01:45:02,25.29,2.59
10.10.19 01:50:09,25.29,2.59
10.10.19 01:55:06,25.29,2.59
10.10.19 02:00:04,25.29,2.59
10.10.19 02:05:02,,2.43
10.10.19 02:10:09,24.75,2.43
10.10.19 02:15:06,24.75,2.43
10.10.19 02:20:03,24.75,2.43
10.10.19 02:25:00,24.75,2.43
10.10.19 02:30:07,24.75,2.43
10.10.19 02:35:05,,2.32
10.10.19 02:40:02,23.32,2.32
10.10.19 02:45:09,23.32,2.32
10.10.19 02:50:06,23.32,2.32
10.10.19 02:55:03,23.32,2.32
10.10.19 03:00:00,23.32,2.32
10.10.19 03:05:08,,2.27
10.10.19 03:10:06,22.85,2.27
10.10.19 03:15:03,22.85,2.27
10.10.19 03:20:00,22.85,2.27
10.10.19 03:25:07,22.85,2.27
10.10.19 03:30:04,22.85,2.27
10.10.19 03:35:02,,2.2
10.10.19 03:40:09,21.53,2.2
10.10.19 03:45:06,21.53,2.2
10.10.19 03:50:03,21.53,2.2
10.10.19 03:55:00,21.53,2.2
10.10.19 04:00:07,21.53,2.2
10.10.19 04:05:05,,2.22
10.10.19 04:10:03,21,2.22
10.10.19 04:15:00,21,2.22
10.10.19 04:20:07,21,2.22
10.10.19 04:25:04,21,2.22
10.10.19 04:30:01,21,2.22
10.10.19 04:35:09,,2.23
10.10.19 04:40:06,20.13,2.23
10.10.19 04:45:03,20.13,2.23
10.10.19 04:50:00,20.13,2.23
10.10.19 04:55:07,20.13,2.23
10.10.19 05:00:04,20.13,2.23
10.10.19 05:05:02,,2.2
10.10.19 05:10:09,19.91,2.2
10.10.19 05:15:06,19.91,2.2
10.10.19 05:20:03,19.91,2.2
10.10.19 05:25:00,19.91,2.2
10.10.19 05:30:07,19.91,2.2
10.10.19 05:35:06,,2.24
10.10.19 05:40:03,19.2,2.24
10.10.19 05:45:00,19.2,2.24
10.10.19 05:50:07,19.2,2.24
10.10.19 05:55:04,19.2,2.24
10.10.19 06:00:01,19.2,2.24
10.10.19 06:05:09,,2.18
10.10.19 06:10:06,19.35,2.18
10.10.19 06:15:03,19.35,2.18
10.10.19 06:20:00,19.35,2.18
10.10.19 06:25:07,19.35,2.18
10.10.19 06:30:04,19.35,2.18
10.10.19 06:35:02,,2.15
10.10.19 06:40:09,18.66,2.15
10.10.19 06:45:06,18.66,2.15
10.10.19 06:50:03,18.66,2.15
10.10.19 06:55:01,18.66,2.15
10.10.19 07:00:08,18.66,2.15
10.10.19 07:05:05,,
10.10.19 07:10:02,,
10.10.19 07:15:09,,
10.10.19 07:20:06,,
10.10.19 07:25:03,,0.95
10.10.19 07:30:00,,0.95
10.10.19 07:35:08,,1.74
10.10.19 07:40:05,19.46,1.74
10.10.19 07:45:02,19.46,1.74
10.10.19 07:50:09,19.46,1.74
10.10.19 07:55:06,19.46,1.74
10.10.19 08:00:03,19.46,1.74
10.10.19 08:05:01,,1.9
10.10.19 08:10:08,20.5,1.9
10.10.19 08:15:05,20.5,1.9
10.10.19 08:20:02,20.5,1.9
10.10.19 08:25:09,20.5,1.9
10.10.19 08:30:06,20.5,1.9
10.10.19 08:35:04,,2.06
10.10.19 08:40:01,21.62,2.06
10.10.19 08:45:08,21.62,2.06
10.10.19 08:50:05,21.62,2.06
10.10.19 08:55:03,21.62,2.06
10.10.19 09:00:00,21.62,2.06
10.10.19 09:05:08,,2.09
10.10.19 09:10:05,22.76,2.09
10.10.19 09:15:02,22.76,2.09
10.10.19 09:20:09,22.76,2.09
10.10.19 09:25:06,22.76,2.09
10.10.19 09:30:03,22.76,2.09
10.10.19 09:35:01,,2.15
10.10.19 09:40:08,23.92,2.15
10.10.19 09:45:05,23.92,2.15
10.10.19 09:50:02,23.92,2.15
10.10.19 09:55:09,23.92,2.15
10.10.19 10:00:06,23.92,2.15
10.10.19 10:05:04,,2.23
10.10.19 10:10:01,25.54,2.23
10.10.19 10:15:08,25.54,2.23
10.10.19 10:20:05,25.54,2.23
10.10.19 10:25:03,25.54,2.23
10.10.19 10:30:00,25.54,2.23
10.10.19 10:35:08,,2.28
10.10.19 10:40:05,27.1,2.28
10.10.19 10:45:02,27.1,2.28
10.10.19 10:50:09,27.1,2.28
10.10.19 10:55:06,27.1,2.28
10.10.19 11:00:03,27.1,2.28
10.10.19 11:05:01,,2.39
10.10.19 11:10:08,29.05,2.39
10.10.19 11:15:05,29.05,2.39
10.10.19 11:20:02,29.05,2.39
10.10.19 11:25:09,29.05,2.39
10.10.19 11:30:06,29.05,2.39
10.10.19 11:35:05,,2.47
10.10.19 11:40:02,30.46,2.47
10.10.19 11:45:09,30.46,2.47
10.10.19 11:50:06,30.46,2.47
10.10.19 11:55:03,30.46,2.47
10.10.19 12:00:00,30.46,2.47
10.10.19 12:05:07,,2.53
10.10.19 12:10:04,,2.53
10.10.19 12:15:02,,2.53
10.10.19 12:20:09,,2.53
10.10.19 12:25:06,,2.53
10.10.19 12:30:03,27.71,2.53
10.10.19 12:35:01,,2.6
10.10.19 12:40:08,28.52,2.6
10.10.19 12:45:05,28.52,2.6
10.10.19 12:50:03,28.52,2.6
10.10.19 12:55:00,28.52,2.6
10.10.19 13:00:07,28.52,2.6
10.10.19 13:05:04,,2.75
10.10.19 13:10:01,29.99,2.75
10.10.19 13:15:08,29.99,2.75
10.10.19 13:20:05,29.99,2.75
10.10.19 13:25:03,29.99,2.75
10.10.19 13:30:00,29.99,2.75
10.10.19 13:35:07,,2.82
10.10.19 13:40:04,31.42,2.82
10.10.19 13:45:02,31.42,2.82
10.10.19 13:50:09,31.42,2.82
10.10.19 13:55:06,31.42,2.82
10.10.19 14:00:03,31.42,2.82
10.10.19 14:05:01,,2.94
10.10.19 14:10:08,32.68,2.94
10.10.19 14:15:05,32.68,2.94
10.10.19 14:20:02,32.68,2.94
10.10.19 14:25:09,32.68,2.94
10.10.19 14:30:06,32.68,2.94
10.10.19 14:35:04,,2.96
10.10.19 14:40:01,33.12,2.96
10.10.19 14:45:08,33.12,2.96
10.10.19 14:50:05,33.12,2.96
10.10.19 14:55:02,33.12,2.96
10.10.19 15:00:09,33.12,2.96
10.10.19 15:05:07,,2.99
10.10.19 15:10:04,33.42,2.99
10.10.19 15:15:01,33.42,2.99
10.10.19 15:20:08,33.42,2.99
10.10.19 15:25:05,33.42,2.99
10.10.19 15:30:02,33.42,2.99
10.10.19 15:35:00,,2.91
10.10.19 15:40:07,33.68,2.91
10.10.19 15:45:04,33.68,2.91
10.10.19 15:50:01,33.68,2.91
10.10.19 15:55:08,33.68,2.91
10.10.19 16:00:05,33.68,2.91
10.10.19 16:05:03,,2.87
10.10.19 16:10:00,32.93,2.87
10.10.19 16:15:07,32.93,2.87
10.10.19 16:20:04,32.93,2.87
10.10.19 16:25:02,32.93,2.87
10.10.19 16:30:09,32.93,2.87
10.10.19 16:35:07,,2.85
10.10.19 16:40:04,32.95,2.85
10.10.19 16:45:01,32.95,2.85
10.10.19 16:50:08,32.95,2.85
10.10.19 16:55:05,32.95,2.85
10.10.19 17:00:02,32.95,2.85
10.10.19 17:05:00,,2.75
10.10.19 17:10:07,32.48,2.75
10.10.19 17:15:04,32.48,2.75
10.10.19 17:20:01,32.48,2.75
10.10.19 17:25:08,32.48,2.75
10.10.19 17:30:05,32.48,2.75
10.10.19 17:35:03,,2.75
10.10.19 17:40:00,33.31,2.75
10.10.19 17:45:07,33.31,2.75
10.10.19 17:50:04,33.31,2.75
10.10.19 17:55:01,33.31,2.75
10.10.19 18:00:08,33.31,2.75
10.10.19 18:05:06,,2.7
10.10.19 18:10:03,33.31,2.7
10.10.19 18:15:00,33.31,2.7
10.10.19 18:20:08,33.31,2.7
10.10.19 18:25:05,33.31,2.7
10.10.19 18:30:02,33.31,2.7
10.10.19 18:35:00,,2.7
10.10.19 18:40:07,33.29,2.7
10.10.19 18:45:04,33.29,2.7
10.10.19 18:50:01,33.29,2.7
10.10.19 18:55:08,33.29,2.7
10.10.19 19:00:05,33.29,2.7
10.10.19 19:05:03,,2.69
10.10.19 19:10:00,34.19,2.69
10.10.19 19:15:07,34.19,2.69
10.10.19 19:20:04,34.19,2.69
10.10.19 19:25:01,34.19,2.69
10.10.19 19:30:08,34.19,2.69
10.10.19 19:35:06,,2.72
10.10.19 19:40:03,34.94,2.72
10.10.19 19:45:00,34.94,2.72
10.10.19 19:50:07,34.94,2.72
10.10.19 19:55:05,34.94,2.72
10.10.19 20:00:02,34.94,2.72
10.10.19 20:05:00,,2.72
10.10.19 20:10:07,34.18,2.72
10.10.19 20:15:04,34.18,2.72
10.10.19 20:20:01,34.18,2.72
10.10.19 20:25:08,34.18,2.72
10.10.19 20:30:05,34.18,2.72
10.10.19 20:35:03,,2.68
10.10.19 20:40:00,35.09,2.68
10.10.19 20:45:07,35.09,2.68
10.10.19 20:50:04,35.09,2.68
10.10.19 20:55:01,35.09,2.68
10.10.19 21:00:08,35.09,2.68
10.10.19 21:05:06,,2.75
10.10.19 21:10:03,35.43,2.75
10.10.19 21:15:00,35.43,2.75
10.10.19 21:20:07,35.43,2.75
10.10.19 21:25:04,35.43,2.75
10.10.19 21:30:01,35.43,2.75
10.10.19 21:35:09,,2.73
10.10.19 21:40:06,34.96,2.73
10.10.19 21:45:03,34.96,2.73
10.10.19 21:50:00,34.96,2.73
10.10.19 21:55:07,34.96,2.73
10.10.19 22:00:04,34.96,2.73
10.10.19 22:05:02,,2.79
10.10.19 22:10:09,34.35,2.79
10.10.19 22:15:06,34.35,2.79
10.10.19 22:20:03,34.35,2.79
10.10.19 22:25:00,34.35,2.79
10.10.19 22:30:07,34.35,2.79
10.10.19 22:35:05,,2.8
10.10.19 22:40:02,34.89,2.8
10.10.19 22:45:09,34.89,2.8
10.10.19 22:50:06,34.89,2.8
10.10.19 22:55:03,34.89,2.8
10.10.19 23:00:00,34.89,2.8
10.10.19 23:05:07,,2.77
10.10.19 23:10:05,34.46,2.77
10.10.19 23:15:02,34.46,2.77
10.10.19 23:20:09,34.46,2.77
10.10.19 23:25:06,34.46,2.77
10.10.19 23:30:03,34.46,2.77
10.10.19 23:35:01,,2.81
10.10.19 23:40:08,34.36,2.81
10.10.19 23:45:05,34.36,2.81
10.10.19 23:50:02,34.36,2.81
10.10.19 23:55:09,34.36,2.81
11.10.19 00:00:06,34.36,2.81
11.10.19 00:05:04,,2.85
11.10.19 00:10:01,34.48,2.85
11.10.19 00:15:08,34.48,2.85
11.10.19 00:20:06,34.48,2.85
11.10.19 00:25:03,34.48,2.85
11.10.19 00:30:00,34.48,2.85
11.10.19 00:35:08,,2.74
11.10.19 00:40:05,34.94,2.74
11.10.19 00:45:02,34.94,2.74
11.10.19 00:50:09,34.94,2.74
11.10.19 00:55:06,34.94,2.74
11.10.19 01:00:03,34.94,2.74
11.10.19 01:05:01,,2.75
11.10.19 01:10:08,34.7,2.75
11.10.19 01:15:05,34.7,2.75
11.10.19 01:20:02,34.7,2.75
11.10.19 01:25:09,34.7,2.75
11.10.19 01:30:06,34.7,2.75
11.10.19 01:35:04,,2.77
11.10.19 01:40:01,33.94,2.77
11.10.19 01:45:08,33.94,2.77
11.10.19 01:50:06,33.94,2.77
11.10.19 01:55:03,33.94,2.77
11.10.19 02:00:00,33.94,2.77
11.10.19 02:05:08,,2.74
11.10.19 02:10:05,34.24,2.74
11.10.19 02:15:02,34.24,2.74
11.10.19 02:20:09,34.24,2.74
11.10.19 02:25:06,34.24,2.74
11.10.19 02:30:03,34.24,2.74
11.10.19 02:35:01,,2.73
11.10.19 02:40:09,34.48,2.73
11.10.19 02:45:06,34.48,2.73
11.10.19 02:50:03,34.48,2.73
11.10.19 02:55:00,34.48,2.73
11.10.19 03:00:07,34.48,2.73
11.10.19 03:05:05,,2.78
11.10.19 03:10:02,34.17,2.78
11.10.19 03:15:09,34.17,2.78
11.10.19 03:20:06,34.17,2.78
11.10.19 03:25:03,34.17,2.78
11.10.19 03:30:00,34.17,2.78
11.10.19 03:35:08,,2.81
11.10.19 03:40:05,34.6,2.81
11.10.19 03:45:02,34.6,2.81
11.10.19 03:50:09,34.6,2.81
11.10.19 03:55:06,34.6,2.81
11.10.19 04:00:03,34.6,2.81
11.10.19 04:05:01,,2.81
11.10.19 04:10:08,34.19,2.81
11.10.19 04:15:05,34.19,2.81
11.10.19 04:20:02,34.19,2.81
11.10.19 04:25:09,34.19,2.81
11.10.19 04:30:06,34.19,2.81
11.10.19 04:35:04,,2.81
11.10.19 04:40:01,33.79,2.81
11.10.19 04:45:08,33.79,2.81
11.10.19 04:50:05,33.79,2.81
11.10.19 04:55:02,33.79,2.81
11.10.19 05:00:00,33.79,2.81
11.10.19 05:05:07,,2.82
11.10.19 05:10:05,34.12,2.82
11.10.19 05:15:02,34.12,2.82
11.10.19 05:20:09,34.12,2.82
11.10.19 05:25:06,34.12,2.82
11.10.19 05:30:03,34.12,2.82
11.10.19 05:35:01,,2.81
11.10.19 05:40:08,34.01,2.81
11.10.19 05:45:05,34.01,2.81
11.10.19 05:50:02,34.01,2.81
11.10.19 05:55:09,34.01,2.81
11.10.19 06:00:06,34.01,2.81
11.10.19 06:05:04,,2.87
11.10.19 06:10:01,34.19,2.87
11.10.19 06:15:08,34.19,2.87
11.10.19 06:20:05,34.19,2.87
11.10.19 06:25:02,34.19,2.87
11.10.19 06:30:09,34.19,2.87
11.10.19 06:35:07,,2.87
11.10.19 06:40:04,33.82,2.87
11.10.19 06:45:01,33.82,2.87
11.10.19 06:50:08,33.82,2.87
11.10.19 06:55:05,33.82,2.87
11.10.19 07:00:02,33.82,2.87
11.10.19 07:05:09,,
11.10.19 07:10:06,,
11.10.19 07:15:03,,
11.10.19 07:20:00,,
11.10.19 07:25:08,,1.22
11.10.19 07:30:05,,1.22
11.10.19 07:35:03,,2.23
11.10.19 07:40:00,24.66,2.23
11.10.19 07:45:07,24.66,2.23
11.10.19 07:50:04,24.66,2.23
11.10.19 07:55:02,24.66,2.23
11.10.19 08:00:09,24.66,2.23
11.10.19 08:05:07,,2.5
11.10.19 08:10:04,25.12,2.5
11.10.19 08:15:01,25.12,2.5
11.10.19 08:20:08,25.12,2.5
11.10.19 08:25:05,25.12,2.5
11.10.19 08:30:02,25.12,2.5
11.10.19 08:35:01,,2.54
11.10.19 08:40:08,25.13,2.54
11.10.19 08:45:05,25.13,2.54
11.10.19 08:50:02,25.13,2.54
11.10.19 08:55:09,25.13,2.54
11.10.19 09:00:06,25.13,2.54
11.10.19 09:05:04,,2.62
11.10.19 09:10:01,25.35,2.62
11.10.19 09:15:08,25.35,2.62
11.10.19 09:20:05,25.35,2.62
11.10.19 09:25:02,25.35,2.62
11.10.19 09:30:09,25.35,2.62
11.10.19 09:35:07,,2.64
11.10.19 09:40:04,25.49,2.64
11.10.19 09:45:01,25.49,2.64
11.10.19 09:50:08,25.49,2.64
11.10.19 09:55:06,25.49,2.64
11.10.19 10:00:03,25.49,2.64
11.10.19 10:05:01,,2.6
11.10.19 10:10:08,25.96,2.6
11.10.19 10:15:05,25.96,2.6
11.10.19 10:20:02,25.96,2.6
11.10.19 10:25:09,25.96,2.6
11.10.19 10:30:06,25.96,2.6
11.10.19 10:35:05,,2.63
11.10.19 10:40:02,27.12,2.63
11.10.19 10:45:09,27.12,2.63
11.10.19 10:50:06,27.12,2.63
11.10.19 10:55:03,27.12,2.63
11.10.19 11:00:00,27.12,2.63
11.10.19 11:05:09,,2.76
11.10.19 11:10:06,27.97,2.76
11.10.19 11:15:04,27.97,2.76
11.10.19 11:20:01,27.97,2.76
11.10.19 11:25:08,27.97,0.62
11.10.19 11:30:05,27.97,0.62
11.10.19 11:35:04,,1.88
11.10.19 11:40:01,29.23,1.88
11.10.19 11:45:08,29.23,1.88
11.10.19 11:50:05,29.23,1.88
11.10.19 11:55:02,29.23,1.88
11.10.19 12:00:09,29.23,1.88
11.10.19 12:05:07,,2.73
11.10.19 12:10:04,,2.73
11.10.19 12:15:01,,2.73
11.10.19 12:20:08,,2.73
11.10.19 12:25:05,,2.73
11.10.19 12:30:02,33.22,2.73
11.10.19 12:35:00,,2.86
11.10.19 12:40:07,33.19,2.86
11.10.19 12:45:05,33.19,2.86
11.10.19 12:50:02,33.19,2.86
11.10.19 12:55:09,33.19,2.86
11.10.19 13:00:06,33.19,2.86
11.10.19 13:05:04,,2.97
11.10.19 13:10:01,34.55,2.97
11.10.19 13:15:08,34.55,2.97
11.10.19 13:20:05,34.55,2.97
11.10.19 13:25:02,34.55,2.97
11.10.19 13:30:00,34.55,2.97
11.10.19 13:35:08,,3.04
11.10.19 13:40:06,,3.04
11.10.19 13:45:03,35.54,3.04
11.10.19 13:50:00,35.54,3.04
11.10.19 13:55:07,35.54,3.04
11.10.19 14:00:04,35.54,3.04
11.10.19 14:05:02,,3.06
11.10.19 14:10:00,34.78,3.06
11.10.19 14:15:07,34.78,3.06
11.10.19 14:20:04,34.78,3.06
11.10.19 14:25:01,34.78,3.06
11.10.19 14:30:08,34.78,3.06
11.10.19 14:35:06,,3.09
11.10.19 14:40:03,34.9,3.09
11.10.19 14:45:00,34.9,3.09
11.10.19 14:50:07,34.9,3.09
11.10.19 14:55:04,34.9,3.09
11.10.19 15:00:01,34.9,3.09
11.10.19 15:05:09,,3.09
11.10.19 15:10:06,34.81,3.09
11.10.19 15:15:03,34.81,3.09
11.10.19 15:20:00,34.81,3.09
11.10.19 15:25:07,34.81,3.09
11.10.19 15:30:05,34.81,3.09
11.10.19 15:35:02,,3.02
11.10.19 15:40:09,33.16,3.02
11.10.19 15:45:06,33.16,3.02
11.10.19 15:50:03,33.16,3.02
11.10.19 15:55:00,33.16,3.02
11.10.19 16:00:07,33.16,3.02
11.10.19 16:05:05,,3.05
11.10.19 16:10:02,32.91,3.05
11.10.19 16:15:09,32.91,3.05
11.10.19 16:20:06,32.91,3.05
11.10.19 16:25:03,32.91,3.05
11.10.19 16:30:00,32.91,3.05
11.10.19 16:35:08,,3.06
11.10.19 16:40:05,33.13,3.06
11.10.19 16:45:02,33.13,3.06
11.10.19 16:50:09,33.13,3.06
11.10.19 16:55:06,33.13,3.06
11.10.19 17:00:03,33.13,3.06
11.10.19 17:05:01,,3.14
11.10.19 17:10:08,33.01,3.14
11.10.19 17:15:05,33.01,3.14
11.10.19 17:20:02,33.01,3.14
11.10.19 17:25:09,33.01,3.14
11.10.19 17:30:06,33.01,3.14
11.10.19 17:35:04,,3.14
11.10.19 17:40:01,32.63,3.14
11.10.19 17:45:08,32.63,3.14
11.10.19 17:50:05,32.63,3.14
11.10.19 17:55:02,32.63,3.14
11.10.19 18:00:00,32.63,3.14
11.10.19 18:05:07,,3.12
11.10.19 18:10:04,32.76,3.12
11.10.19 18:15:02,32.76,3.12
11.10.19 18:20:08,32.76,3.12
11.10.19 18:25:06,32.76,3.12
11.10.19 18:30:03,32.76,3.12
11.10.19 18:35:00,,3.13
11.10.19 18:40:07,32.24,3.13
11.10.19 18:45:04,32.24,3.13
11.10.19 18:50:02,32.24,3.13
11.10.19 18:55:08,32.24,3.13
11.10.19 19:00:06,32.24,3.13
11.10.19 19:05:03,,3.22
11.10.19 19:10:00,32.07,3.22
11.10.19 19:15:07,32.07,3.22
11.10.19 19:20:05,32.07,3.22
11.10.19 19:25:02,32.07,3.22
11.10.19 19:30:08,32.07,3.22
11.10.19 19:35:06,,3.16
11.10.19 19:40:03,32.02,3.16
11.10.19 19:45:00,32.02,3.16
11.10.19 19:50:07,32.02,3.16
11.10.19 19:55:04,32.02,3.16
11.10.19 20:00:01,32.02,3.16
11.10.19 20:05:09,,3.17
11.10.19 20:10:06,31.52,3.17
11.10.19 20:15:03,31.52,3.17
11.10.19 20:20:01,31.52,3.17
11.10.19 20:25:08,31.52,3.17
11.10.19 20:30:05,31.52,3.17
11.10.19 20:35:02,,3.23
11.10.19 20:40:09,31.48,3.23
11.10.19 20:45:06,31.48,3.23
11.10.19 20:50:03,31.48,3.23
11.10.19 20:55:01,31.48,3.23
11.10.19 21:00:08,31.48,3.23
11.10.19 21:05:05,,3.24
11.10.19 21:10:02,31.55,3.24
11.10.19 21:15:00,31.55,3.24
11.10.19 21:20:07,31.55,3.24
11.10.19 21:25:04,31.55,3.24
11.10.19 21:30:01,31.55,3.24
11.10.19 21:35:08,,3.28
11.10.19 21:40:05,30.8,3.28
11.10.19 21:45:03,30.8,3.28
11.10.19 21:50:00,30.8,3.28
11.10.19 21:55:07,30.8,3.28
11.10.19 22:00:04,30.8,3.28
11.10.19 22:05:02,,3.3
11.10.19 22:10:09,30.84,3.3
11.10.19 22:15:06,30.84,3.3
11.10.19 22:20:03,30.84,3.3
11.10.19 22:25:00,30.84,3.3
11.10.19 22:30:07,30.84,3.3
11.10.19 22:35:05,,3.35
11.10.19 22:40:02,30.66,3.35
11.10.19 22:45:09,30.66,3.35
11.10.19 22:50:06,30.66,3.35
11.10.19 22:55:03,30.66,3.35
11.10.19 23:00:01,30.66,3.35
11.10.19 23:05:08,,3.37
11.10.19 23:10:05,30.07,3.37
11.10.19 23:15:02,30.07,3.37
11.10.19 23:20:09,30.07,3.37
11.10.19 23:25:07,30.07,3.37
11.10.19 23:30:04,30.07,3.37
11.10.19 23:35:01,,3.35
11.10.19 23:40:08,29.96,3.35
11.10.19 23:45:05,29.96,3.35
11.10.19 23:50:02,29.96,3.35
11.10.19 23:55:09,29.96,3.35
12.10.19 00:00:06,29.96,3.35
12.10.19 00:05:04,,3.35
12.10.19 00:10:01,30.6,3.35
12.10.19 00:15:08,30.6,3.35
12.10.19 00:20:05,30.6,3.35
12.10.19 00:25:02,30.6,3.35
12.10.19 00:30:09,30.6,3.35
12.10.19 00:35:07,,3.42
12.10.19 00:40:04,30.12,3.42
12.10.19 00:45:01,30.12,3.42
12.10.19 00:50:08,30.12,3.42
12.10.19 00:55:05,30.12,3.42
12.10.19 01:00:02,30.12,3.42
12.10.19 01:05:00,,3.38
12.10.19 01:10:07,30.49,3.38
12.10.19 01:15:04,30.49,3.38
12.10.19 01:20:01,30.49,3.38
12.10.19 01:25:08,30.49,3.38
12.10.19 01:30:05,30.49,3.38
12.10.19 01:35:03,,3.41
12.10.19 01:40:00,30.22,3.41
12.10.19 01:45:07,30.22,3.41
12.10.19 01:50:04,30.22,3.41
12.10.19 01:55:02,30.22,3.41
12.10.19 02:00:09,30.22,3.41
12.10.19 02:05:07,,3.42
12.10.19 02:10:04,30.32,3.42
12.10.19 02:15:01,30.32,3.42
12.10.19 02:20:08,30.32,3.42
12.10.19 02:25:05,30.32,3.42
12.10.19 02:30:02,30.32,3.42
12.10.19 02:35:00,,3.41
12.10.19 02:40:07,30.06,3.41
12.10.19 02:45:04,30.06,3.41
12.10.19 02:50:01,30.06,3.41
12.10.19 02:55:08,30.06,3.41
12.10.19 03:00:05,30.06,3.41
12.10.19 03:05:03,,3.32
12.10.19 03:10:00,30.86,3.32
12.10.19 03:15:07,30.86,3.32
12.10.19 03:20:04,30.86,3.32
12.10.19 03:25:01,30.86,3.32
12.10.19 03:30:08,30.86,3.32
12.10.19 03:35:05,,3.16
12.10.19 03:40:03,30.11,3.16
12.10.19 03:45:00,30.11,3.16
12.10.19 03:50:07,30.11,3.16
12.10.19 03:55:04,30.11,3.16
12.10.19 04:00:01,30.11,3.16
12.10.19 04:05:09,,3.19
12.10.19 04:10:06,30.01,3.19
12.10.19 04:15:03,30.01,3.19
12.10.19 04:20:00,30.01,3.19
12.10.19 04:25:07,30.01,3.19
12.10.19 04:30:04,30.01,3.19
12.10.19 04:35:02,,3.12
12.10.19 04:40:09,30.36,3.12
12.10.19 04:45:06,30.36,3.12
12.10.19 04:50:03,30.36,3.12
12.10.19 04:55:00,30.36,3.12
12.10.19 05:00:07,30.36,3.12
12.10.19 05:05:05,,3.15
12.10.19 05:10:02,30.5,3.15
12.10.19 05:15:09,30.5,3.15
12.10.19 05:20:06,30.5,3.15
12.10.19 05:25:03,30.5,3.15
12.10.19 05:30:00,30.5,3.15
12.10.19 05:35:08,,3.12
12.10.19 05:40:05,31.42,3.12
12.10.19 05:45:02,31.42,3.12
12.10.19 05:50:09,31.42,3.12
12.10.19 05:55:06,31.42,3.12
12.10.19 06:00:03,31.42,3.12
12.10.19 06:05:01,,3.1
12.10.19 06:10:08,30.54,3.1
12.10.19 06:15:05,30.54,3.1
12.10.19 06:20:02,30.54,3.1
12.10.19 06:25:09,30.54,3.1
12.10.19 06:30:06,30.54,3.1
12.10.19 06:35:04,,3.13
12.10.19 06:40:01,30.91,3.13
12.10.19 06:45:08,30.91,3.13
12.10.19 06:50:05,30.91,3.13
12.10.19 06:55:02,30.91,3.13
12.10.19 07:00:00,30.91,3.13
12.10.19 07:05:07,,3.11
12.10.19 07:10:04,,3.11
12.10.19 07:15:01,,3.11
12.10.19 07:20:08,,3.11
12.10.19 07:25:05,,3.11
12.10.19 07:30:03,,3.11
12.10.19 07:35:00,,3.05
12.10.19 07:40:07,23.61,3.05
12.10.19 07:45:04,23.61,3.05
12.10.19 07:50:01,23.61,3.05
12.10.19 07:55:08,23.61,3.05
12.10.19 08:00:05,23.61,3.05
12.10.19 08:05:03,,3.09
12.10.19 08:10:00,23.83,3.09
12.10.19 08:15:07,23.83,3.09
12.10.19 08:20:04,23.83,3.09
12.10.19 08:25:01,23.83,3.09
12.10.19 08:30:08,23.83,3.09
12.10.19 08:35:06,,3.12
12.10.19 08:40:03,24.02,3.12
12.10.19 08:45:00,24.02,3.12
12.10.19 08:50:07,24.02,3.12
12.10.19 08:55:04,24.02,3.12
12.10.19 09:00:01,24.02,3.12
12.10.19 09:05:09,,3.16
12.10.19 09:10:06,24.16,3.16
12.10.19 09:15:03,24.16,3.16
12.10.19 09:20:00,24.16,3.16
12.10.19 09:25:07,24.16,3.16
12.10.19 09:30:04,24.16,3.16
12.10.19 09:35:02,,3.11
12.10.19 09:40:09,24.06,3.11
12.10.19 09:45:06,24.06,3.11
12.10.19 09:50:03,24.06,3.11
12.10.19 09:55:00,24.06,3.11
12.10.19 10:00:07,24.06,3.11
12.10.19 10:05:05,,3.14
12.10.19 10:10:02,24.07,3.14
12.10.19 10:15:09,24.07,3.14
12.10.19 10:20:06,24.07,3.14
12.10.19 10:25:03,24.07,3.14
12.10.19 10:30:00,24.07,3.14
12.10.19 10:35:08,,3.04
12.10.19 10:40:05,23.86,3.04
12.10.19 10:45:02,23.86,3.04
12.10.19 10:50:00,23.86,3.04
12.10.19 10:55:07,23.86,3.04
12.10.19 11:00:04,23.86,3.04
12.10.19 11:05:02,,3.11
12.10.19 11:10:09,24.07,3.11
12.10.19 11:15:06,24.07,3.11
12.10.19 11:20:03,24.07,3.11
12.10.19 11:25:00,24.07,3.11
12.10.19 11:30:07,24.07,3.11
12.10.19 11:35:05,,3.15
12.10.19 11:40:02,24.32,3.15
12.10.19 11:45:09,24.32,3.15
12.10.19 11:50:06,24.32,3.15
12.10.19 11:55:03,24.32,3.15
12.10.19 12:00:00,24.32,3.15
12.10.19 12:05:08,,3.2
12.10.19 12:10:05,25.5,3.2
12.10.19 12:15:02,25.5,3.2
12.10.19 12:20:09,25.5,3.2
12.10.19 12:25:06,25.5,3.2
12.10.19 12:30:03,25.5,3.2
12.10.19 12:35:01,,3.26
12.10.19 12:40:08,25.27,3.26
12.10.19 12:45:05,25.27,3.26
12.10.19 12:50:02,25.27,3.26
12.10.19 12:55:09,25.27,3.26
12.10.19 13:00:06,25.27,3.26
12.10.19 13:05:04,,3.34
12.10.19 13:10:01,26.09,3.34
12.10.19 13:15:08,26.09,3.34
12.10.19 13:20:05,26.09,3.34
12.10.19 13:25:02,26.09,3.34
12.10.19 13:30:09,26.09,3.34
12.10.19 13:35:07,,3.43
12.10.19 13:40:04,26.45,3.43
12.10.19 13:45:01,26.45,3.43
12.10.19 13:50:08,26.45,3.43
12.10.19 13:55:05,26.45,3.43
12.10.19 14:00:02,26.45,3.43
12.10.19 14:05:00,,3.45
12.10.19 14:10:07,27.04,3.45
12.10.19 14:15:04,27.04,3.45
12.10.19 14:20:01,27.04,3.45
12.10.19 14:25:08,27.04,3.45
12.10.19 14:30:06,27.04,3.45
12.10.19 14:35:04,,3.59
12.10.19 14:40:01,27.18,3.59
12.10.19 14:45:08,27.18,3.59
12.10.19 14:50:05,27.18,3.59
12.10.19 14:55:02,27.18,3.59
12.10.19 15:00:09,27.18,3.59
12.10.19 15:05:07,,3.63
12.10.19 15:10:04,27.9,3.63
12.10.19 15:15:01,27.9,3.63
12.10.19 15:20:08,27.9,3.63
12.10.19 15:25:05,27.9,3.63
12.10.19 15:30:02,27.9,3.63
12.10.19 15:35:00,,3.61
12.10.19 15:40:07,28.08,3.61
12.10.19 15:45:04,28.08,3.61
12.10.19 15:50:01,28.08,3.61
12.10.19 15:55:08,28.08,3.61
12.10.19 16:00:05,28.08,3.61
12.10.19 16:05:04,,3.68
12.10.19 16:10:01,28.51,3.68
12.10.19 16:15:08,28.51,3.68
12.10.19 16:20:05,28.51,3.68
12.10.19 16:25:02,28.51,3.68
12.10.19 16:30:09,28.51,3.68
12.10.19 16:35:07,,3.74
12.10.19 16:40:04,28.73,3.74
12.10.19 16:45:01,28.73,3.74
12.10.19 16:50:08,28.73,3.74
12.10.19 16:55:05,28.73,3.74
12.10.19 17:00:02,28.73,3.74
12.10.19 17:05:00,,3.81
12.10.19 17:10:07,29.21,3.81
12.10.19 17:15:04,29.21,3.81
12.10.19 17:20:01,29.21,3.81
12.10.19 17:25:08,29.21,3.81
12.10.19 17:30:05,29.21,3.81
12.10.19 17:35:03,,3.75
12.10.19 17:40:00,29.71,3.75
12.10.19 17:45:07,29.71,3.75
12.10.19 17:50:04,29.71,3.75
12.10.19 17:55:02,29.71,3.75
12.10.19 18:00:09,29.71,3.75
12.10.19 18:05:06,,3.84
12.10.19 18:10:04,29.73,3.84
12.10.19 18:15:01,29.73,3.84
12.10.19 18:20:08,29.73,3.84
12.10.19 18:25:05,29.73,3.84
12.10.19 18:30:02,29.73,3.84
12.10.19 18:35:00,,3.89
12.10.19 18:40:07,29.86,3.89
12.10.19 18:45:04,29.86,3.89
12.10.19 18:50:01,29.86,3.89
12.10.19 18:55:08,29.86,3.89
12.10.19 19:00:05,29.86,3.89
12.10.19 19:05:03,,3.7
12.10.19 19:10:00,30.52,3.7
12.10.19 19:15:07,30.52,3.7
12.10.19 19:20:04,30.52,3.7
12.10.19 19:25:01,30.52,3.7
12.10.19 19:30:08,30.52,3.7
12.10.19 19:35:06,,3.69
12.10.19 19:40:03,29.92,3.69
12.10.19 19:45:00,29.92,3.69
12.10.19 19:50:07,29.92,3.69
12.10.19 19:55:04,29.92,3.69
12.10.19 20:00:01,29.92,3.69
12.10.19 20:05:09,,3.59
12.10.19 20:10:06,30.5,3.59
12.10.19 20:15:03,30.5,3.59
12.10.19 20:20:01,30.5,3.59
12.10.19 20:25:08,30.5,3.59
12.10.19 20:30:05,30.5,3.59
12.10.19 20:35:03,,3.61
12.10.19 20:40:00,29.83,3.61
12.10.19 20:45:07,29.83,3.61
12.10.19 20:50:04,29.83,3.61
12.10.19 20:55:01,29.83,3.61
12.10.19 21:00:08,29.83,3.61
12.10.19 21:05:05,,3.52
12.10.19 21:10:03,30.19,3.52
12.10.19 21:15:00,30.19,3.52
12.10.19 21:20:07,30.19,3.52
12.10.19 21:25:04,30.19,3.52
12.10.19 21:30:01,30.19,3.52
12.10.19 21:35:09,,3.46
12.10.19 21:40:06,29.88,3.46
12.10.19 21:45:03,29.88,3.46
12.10.19 21:50:00,29.88,3.46
12.10.19 21:55:07,29.88,3.46
12.10.19 22:00:04,29.88,3.46
12.10.19 22:05:02,,3.52
12.10.19 22:10:09,29.93,3.52
12.10.19 22:15:06,29.93,3.52
12.10.19 22:20:03,29.93,3.52
12.10.19 22:25:00,29.93,3.52
12.10.19 22:30:07,29.93,3.52
12.10.19 22:35:05,,3.49
12.10.19 22:40:02,30.11,3.49
12.10.19 22:45:09,30.11,3.49
12.10.19 22:50:06,30.11,3.49
12.10.19 22:55:03,30.11,3.49
12.10.19 23:00:00,30.11,3.49
12.10.19 23:05:08,,3.43
12.10.19 23:10:05,29.62,3.43
12.10.19 23:15:02,29.62,3.43
12.10.19 23:20:09,29.62,3.43
12.10.19 23:25:06,29.62,3.43
12.10.19 23:30:03,29.62,3.43
12.10.19 23:35:01,,3.42
12.10.19 23:40:08,29.24,3.42
12.10.19 23:45:05,29.24,3.42
12.10.19 23:50:02,29.24,3.42
12.10.19 23:55:00,29.24,3.42
13.10.19 00:00:07,29.24,3.42
13.10.19 00:05:05,,3.51
13.10.19 00:10:02,29.87,3.51
13.10.19 00:15:09,29.87,3.51
13.10.19 00:20:06,29.87,3.51
13.10.19 00:25:03,29.87,3.51
13.10.19 00:30:00,29.87,3.51
13.10.19 00:35:07,,3.44
13.10.19 00:40:04,28.78,3.44
13.10.19 00:45:02,28.78,3.44
13.10.19 00:50:08,28.78,3.44
13.10.19 00:55:06,28.78,3.44
13.10.19 01:00:03,28.78,3.44
13.10.19 01:05:01,,3.56
13.10.19 01:10:08,29.03,3.56
13.10.19 01:15:05,29.03,3.56
13.10.19 01:20:02,29.03,3.56
13.10.19 01:25:09,29.03,3.56
13.10.19 01:30:06,29.03,3.56
13.10.19 01:35:04,,3.47
13.10.19 01:40:01,28.51,3.47
13.10.19 01:45:08,28.51,3.47
13.10.19 01:50:05,28.51,3.47
13.10.19 01:55:02,28.51,3.47
13.10.19 02:00:09,28.51,3.47
13.10.19 02:05:07,,3.63
13.10.19 02:10:04,28.58,3.63
13.10.19 02:15:01,28.58,3.63
13.10.19 02:20:08,28.58,3.63
13.10.19 02:25:05,28.58,3.63
13.10.19 02:30:03,28.58,3.63
13.10.19 02:35:00,,3.55
13.10.19 02:40:07,28.12,3.55
13.10.19 02:45:04,28.12,3.55
13.10.19 02:50:02,28.12,3.55
13.10.19 02:55:09,28.12,3.55
13.10.19 03:00:06,28.12,3.55
13.10.19 03:05:04,,3.7
13.10.19 03:10:01,28.66,3.7
13.10.19 03:15:07,28.66,3.7
13.10.19 03:20:05,28.66,3.7
13.10.19 03:25:02,28.66,3.7
13.10.19 03:30:09,28.66,3.7
13.10.19 03:35:07,,3.62
13.10.19 03:40:04,27.88,3.62
13.10.19 03:45:01,27.88,3.62
13.10.19 03:50:08,27.88,3.62
13.10.19 03:55:05,27.88,3.62
13.10.19 04:00:02,27.88,3.62
13.10.19 04:05:00,,3.58
13.10.19 04:10:07,28.05,3.58
13.10.19 04:15:04,28.05,3.58
13.10.19 04:20:01,28.05,3.58
13.10.19 04:25:08,28.05,3.58
13.10.19 04:30:05,28.05,3.58
13.10.19 04:35:03,,3.56
13.10.19 04:40:00,27.71,3.56
13.10.19 04:45:07,27.71,3.56
13.10.19 04:50:04,27.71,3.56
13.10.19 04:55:01,27.71,3.56
13.10.19 05:00:08,27.71,3.56
13.10.19 05:05:06,,3.51
13.10.19 05:10:03,28.08,3.51
13.10.19 05:15:00,28.08,3.51
13.10.19 05:20:07,28.08,3.51
13.10.19 05:25:04,28.08,3.51
13.10.19 05:30:01,28.08,3.51
13.10.19 05:35:09,,3.58
13.10.19 05:40:06,27.79,3.58
13.10.19 05:45:03,27.79,3.58
13.10.19 05:50:00,27.79,3.58
13.10.19 05:55:07,27.79,3.58
13.10.19 06:00:04,27.79,3.58
13.10.19 06:05:02,,3.56
13.10.19 06:10:09,27.9,3.56
13.10.19 06:15:06,27.9,3.56
13.10.19 06:20:04,27.9,3.56
13.10.19 06:25:01,27.9,3.56
13.10.19 06:30:08,27.9,3.56
13.10.19 06:35:06,,3.56
13.10.19 06:40:03,27.68,3.56
13.10.19 06:45:00,27.68,3.56
13.10.19 06:50:07,27.68,3.56
13.10.19 06:55:04,27.68,3.56
13.10.19 07:00:01,27.68,3.56
13.10.19 07:05:08,,
13.10.19 07:10:05,,
13.10.19 07:15:03,,
13.10.19 07:20:00,,
13.10.19 07:25:07,,1.82
13.10.19 07:30:04,,1.82
13.10.19 07:35:02,,3.13
13.10.19 07:40:09,21.28,3.13
13.10.19 07:45:06,21.28,3.13
13.10.19 07:50:03,21.28,3.13
13.10.19 07:55:00,21.28,3.13
13.10.19 08:00:07,21.28,3.13
13.10.19 08:05:06,,3.59
13.10.19 08:10:03,21.61,3.59
13.10.19 08:15:00,21.61,3.59
13.10.19 08:20:07,21.61,3.59
13.10.19 08:25:04,21.61,3.59
13.10.19 08:30:01,21.61,3.59
13.10.19 08:35:09,,3.74
13.10.19 08:40:06,21.81,3.74
13.10.19 08:45:03,21.81,3.74
13.10.19 08:50:01,21.81,3.74
13.10.19 08:55:07,21.81,3.74
13.10.19 09:00:04,21.81,3.74
13.10.19 09:05:03,,3.87
13.10.19 09:10:00,22.27,3.87
13.10.19 09:15:07,22.27,3.87
13.10.19 09:20:04,22.27,3.87
13.10.19 09:25:01,22.27,3.87
13.10.19 09:30:08,22.27,3.87
13.10.19 09:35:06,,3.86
13.10.19 09:40:03,22.26,3.86
13.10.19 09:45:00,22.26,3.86
13.10.19 09:50:07,22.26,3.86
13.10.19 09:55:04,22.26,3.86
13.10.19 10:00:01,22.26,3.86
13.10.19 10:05:09,,3.83
13.10.19 10:10:06,23.04,3.83
13.10.19 10:15:03,23.04,3.83
13.10.19 10:20:00,23.04,3.83
13.10.19 10:25:07,23.04,3.83
13.10.19 10:30:04,23.04,3.83
13.10.19 10:35:02,,3.9
13.10.19 10:40:09,23.12,3.9
13.10.19 10:45:06,23.12,3.9
13.10.19 10:50:04,23.12,3.9
13.10.19 10:55:01,23.12,3.9
13.10.19 11:00:08,23.12,3.9
13.10.19 11:05:05,,3.97
13.10.19 11:10:02,24.01,3.97
13.10.19 11:15:00,24.01,3.97
13.10.19 11:20:07,24.01,3.97
13.10.19 11:25:04,24.01,3.97
13.10.19 11:30:01,24.01,3.97
13.10.19 11:35:09,,4
13.10.19 11:40:06,24.79,4
13.10.19 11:45:03,24.79,4
13.10.19 11:50:00,24.79,4
13.10.19 11:55:07,24.79,4
13.10.19 12:00:04,24.79,4
13.10.19 12:05:02,,4.06
13.10.19 12:10:09,,4.06
13.10.19 12:15:06,,4.06
13.10.19 12:20:03,,4.06
13.10.19 12:25:00,,4.06
13.10.19 12:30:07,27.69,4.06
13.10.19 12:35:05,,4.18
13.10.19 12:40:02,29.12,4.18
13.10.19 12:45:09,29.12,4.18
13.10.19 12:50:06,29.12,4.18
13.10.19 12:55:03,29.12,4.18
13.10.19 13:00:00,29.12,4.18
13.10.19 13:05:08,,4.33
13.10.19 13:10:05,30.61,4.33
13.10.19 13:15:02,30.61,4.33
13.10.19 13:20:09,30.61,4.33
13.10.19 13:25:06,30.61,4.33
13.10.19 13:30:04,30.61,4.33
13.10.19 13:35:02,,4.42
13.10.19 13:40:09,32.21,4.42
13.10.19 13:45:06,32.21,4.42
13.10.19 13:50:03,32.21,4.42
13.10.19 13:55:00,32.21,4.42
13.10.19 14:00:07,32.21,4.42
13.10.19 14:05:05,,4.56
13.10.19 14:10:02,33.94,4.56
13.10.19 14:15:09,33.94,4.56
13.10.19 14:20:06,33.94,4.56
13.10.19 14:25:03,33.94,4.56
13.10.19 14:30:00,33.94,4.56
13.10.19 14:35:08,,4.64
13.10.19 14:40:05,34.87,4.64
13.10.19 14:45:02,34.87,4.64
13.10.19 14:50:09,34.87,4.64
13.10.19 14:55:06,34.87,4.64
13.10.19 15:00:03,34.87,4.64
13.10.19 15:05:01,,4.84
13.10.19 15:10:08,36.25,4.84
13.10.19 15:15:06,36.25,4.84
13.10.19 15:20:03,36.25,4.84
13.10.19 15:25:00,36.25,4.84
13.10.19 15:30:07,36.25,4.84
13.10.19 15:35:05,,4.81
13.10.19 15:40:02,37.1,4.81
13.10.19 15:45:09,37.1,4.81
13.10.19 15:50:06,37.1,4.81
13.10.19 15:55:03,37.1,4.81
13.10.19 16:00:00,37.1,4.81
13.10.19 16:05:08,,4.84
13.10.19 16:10:05,38.48,4.84
13.10.19 16:15:02,38.48,4.84
13.10.19 16:20:09,38.48,4.84
13.10.19 16:25:06,38.48,4.84
13.10.19 16:30:03,38.48,4.84
13.10.19 16:35:02,,4.95
13.10.19 16:40:09,38.85,4.95
13.10.19 16:45:06,38.85,4.95
13.10.19 16:50:03,38.85,4.95
13.10.19 16:55:00,38.85,4.95
13.10.19 17:00:07,38.85,4.95
13.10.19 17:05:05,,5.12
13.10.19 17:10:02,40.07,5.12
13.10.19 17:15:00,40.07,5.12
13.10.19 17:20:07,40.07,5.12
13.10.19 17:25:04,40.07,5.12
13.10.19 17:30:01,40.07,5.12
13.10.19 17:35:09,,5.12
13.10.19 17:40:06,39.97,5.12
13.10.19 17:45:03,39.97,5.12
13.10.19 17:50:00,39.97,5.12
13.10.19 17:55:07,39.97,5.12
13.10.19 18:00:04,39.97,5.12
13.10.19 18:05:02,,5.01
13.10.19 18:10:09,40.73,5.01
13.10.19 18:15:06,40.73,5.01
13.10.19 18:20:03,40.73,5.01
13.10.19 18:25:00,40.73,5.01
13.10.19 18:30:07,40.73,5.01
13.10.19 18:35:06,,5.07
13.10.19 18:40:03,40.34,5.07
13.10.19 18:45:00,40.34,5.07
13.10.19 18:50:07,40.34,5.07
13.10.19 18:55:04,40.34,5.07
13.10.19 19:00:01,40.34,5.07
13.10.19 19:05:09,,5.11
13.10.19 19:10:06,40.52,5.11
13.10.19 19:15:03,40.52,5.11
13.10.19 19:20:00,40.52,5.11
13.10.19 19:25:07,40.52,5.11
13.10.19 19:30:04,40.52,5.11
13.10.19 19:35:02,,5.07
13.10.19 19:40:09,40.66,5.07
13.10.19 19:45:07,40.66,5.07
13.10.19 19:50:04,40.66,5.07
13.10.19 19:55:01,40.66,5.07
13.10.19 20:00:08,40.66,5.07
13.10.19 20:05:06,,5.09
13.10.19 20:10:03,40.04,5.09
13.10.19 20:15:00,40.04,5.09
13.10.19 20:20:07,40.04,5.09
13.10.19 20:25:04,40.04,5.09
13.10.19 20:30:01,40.04,5.09
13.10.19 20:35:09,,5.01
13.10.19 20:40:06,38.96,5.01
13.10.19 20:45:03,38.96,5.01
13.10.19 20:50:00,38.96,5.01
13.10.19 20:55:07,38.96,5.01
13.10.19 21:00:04,38.96,5.01
13.10.19 21:05:02,,5.03
13.10.19 21:10:09,38.98,5.03
13.10.19 21:15:06,38.98,5.03
13.10.19 21:20:03,38.98,5.03
13.10.19 21:25:00,38.98,5.03
13.10.19 21:30:07,38.98,5.03
13.10.19 21:35:05,,4.99
13.10.19 21:40:02,37.53,4.99
13.10.19 21:45:09,37.53,4.99
13.10.19 21:50:06,37.53,4.99
13.10.19 21:55:03,37.53,4.99
13.10.19 22:00:00,37.53,4.99
13.10.19 22:05:08,,4.83
13.10.19 22:10:05,36.88,4.83
13.10.19 22:15:02,36.88,4.83
13.10.19 22:20:09,36.88,4.83
13.10.19 22:25:06,36.88,4.83
13.10.19 22:30:03,36.88,4.83
13.10.19 22:35:01,,4.88
13.10.19 22:40:08,35.86,4.88
13.10.19 22:45:05,35.86,4.88
13.10.19 22:50:02,35.86,4.88
13.10.19 22:55:00,35.86,4.88
13.10.19 23:00:07,35.86,4.88
13.10.19 23:05:04,,4.82
13.10.19 23:10:02,34.84,4.82
13.10.19 23:15:09,34.84,4.82
13.10.19 23:20:06,34.84,4.82
13.10.19 23:25:03,34.84,4.82
13.10.19 23:30:00,34.84,4.82
13.10.19 23:35:07,,4.77
13.10.19 23:40:04,33.99,4.77
13.10.19 23:45:02,33.99,4.77
13.10.19 23:50:09,33.99,4.77
13.10.19 23:55:06,33.99,4.77
14.10.19 00:00:03,33.99,4.77
14.10.19 00:05:01,,4.76
14.10.19 00:10:08,32.82,4.76
14.10.19 00:15:05,32.82,4.76
14.10.19 00:20:02,32.82,4.76
14.10.19 00:25:09,32.82,4.76
14.10.19 00:30:06,32.82,4.76
14.10.19 00:35:04,,4.76
14.10.19 00:40:02,32.27,4.76
14.10.19 00:45:09,32.27,4.76
14.10.19 00:50:06,32.27,4.76
14.10.19 00:55:03,32.27,4.76
14.10.19 01:00:00,32.27,4.76
14.10.19 01:05:08,,4.71
14.10.19 01:10:05,32.09,4.71
14.10.19 01:15:02,32.09,4.71
14.10.19 01:20:00,32.09,4.71
14.10.19 01:25:06,32.09,4.71
14.10.19 01:30:03,32.09,4.71
14.10.19 01:35:02,,4.64
14.10.19 01:40:09,30.48,4.64
14.10.19 01:45:06,30.48,4.64
14.10.19 01:50:03,30.48,4.64
14.10.19 01:55:00,30.48,4.64
14.10.19 02:00:07,30.48,4.64
14.10.19 02:05:05,,4.67
14.10.19 02:10:02,30.43,4.67
14.10.19 02:15:09,30.43,4.67
14.10.19 02:20:06,30.43,4.67
14.10.19 02:25:03,30.43,4.67
14.10.19 02:30:00,30.43,4.67
14.10.19 02:35:08,,4.57
14.10.19 02:40:05,29.03,4.57
14.10.19 02:45:02,29.03,4.57
14.10.19 02:50:09,29.03,4.57
14.10.19 02:55:06,29.03,4.57
14.10.19 03:00:03,29.03,4.57
14.10.19 03:05:01,,4.53
14.10.19 03:10:08,28.58,4.53
14.10.19 03:15:06,28.58,4.53
14.10.19 03:20:03,28.58,4.53
14.10.19 03:25:00,28.58,4.53
14.10.19 03:30:07,28.58,4.53
14.10.19 03:35:05,,4.37
14.10.19 03:40:02,28.06,4.37
14.10.19 03:45:09,28.06,4.37
14.10.19 03:50:06,28.06,4.37
14.10.19 03:55:03,28.06,4.37
14.10.19 04:00:00,28.06,4.37
14.10.19 04:05:08,,4.33
14.10.19 04:10:05,27.77,4.33
14.10.19 04:15:02,27.77,4.33
14.10.19 04:20:09,27.77,4.33
14.10.19 04:25:06,27.77,4.33
14.10.19 04:30:03,27.77,4.33
14.10.19 04:35:01,,4.19
14.10.19 04:40:08,27.6,4.19
14.10.19 04:45:05,27.6,4.19
14.10.19 04:50:02,27.6,4.19
14.10.19 04:55:09,27.6,4.19
14.10.19 05:00:07,27.6,4.19
14.10.19 05:05:04,,4.16
14.10.19 05:10:02,28.59,4.16
14.10.19 05:15:09,28.59,4.16
14.10.19 05:20:06,28.59,4.16
14.10.19 05:25:03,28.59,4.16
14.10.19 05:30:00,28.59,4.16
14.10.19 05:35:08,,4.08
14.10.19 05:40:05,27.93,4.08
14.10.19 05:45:02,27.93,4.08
14.10.19 05:50:09,27.93,4.08
14.10.19 05:55:06,27.93,4.08
14.10.19 06:00:03,27.93,4.08
14.10.19 06:05:01,,4.04
14.10.19 06:10:08,27.73,4.04
14.10.19 06:15:05,27.73,4.04
14.10.19 06:20:02,27.73,4.04
14.10.19 06:25:09,27.73,4.04
14.10.19 06:30:06,27.73,4.04
14.10.19 06:35:04,,4.07
14.10.19 06:40:01,28.28,4.07
14.10.19 06:45:08,28.28,4.07
14.10.19 06:50:05,28.28,4.07
14.10.19 06:55:02,28.28,4.07
14.10.19 07:00:09,28.28,4.07
14.10.19 07:05:06,,
14.10.19 07:10:03,,
14.10.19 07:15:01,,
14.10.19 07:20:08,,
14.10.19 07:25:05,,2.02
14.10.19 07:30:02,,2.02
14.10.19 07:35:00,,3.36
14.10.19 07:40:07,21.39,3.36
14.10.19 07:45:04,21.39,3.36
14.10.19 07:50:01,21.39,3.36
14.10.19 07:55:08,21.39,3.36
14.10.19 08:00:05,21.39,3.36
14.10.19 08:05:03,,3.75
14.10.19 08:10:00,21.6,3.75
14.10.19 08:15:07,21.6,3.75
14.10.19 08:20:04,21.6,3.75
14.10.19 08:25:01,21.6,3.75
14.10.19 08:30:08,21.6,3.75
14.10.19 08:35:06,,3.87
14.10.19 08:40:03,19.89,3.87
14.10.19 08:45:00,19.89,3.87
14.10.19 08:50:07,19.89,3.87
14.10.19 08:55:04,19.89,3.87
14.10.19 09:00:01,19.89,3.87
14.10.19 09:05:09,,3.63
14.10.19 09:10:07,18.8,3.63
14.10.19 09:15:04,18.8,3.63
14.10.19 09:20:01,18.8,3.63
14.10.19 09:25:07,18.8,3.63
14.10.19 09:30:04,18.8,3.63
14.10.19 09:35:03,,3.19
14.10.19 09:40:00,17.42,3.19
14.10.19 09:45:07,17.42,3.19
14.10.19 09:50:04,17.42,3.19
14.10.19 09:55:01,17.42,3.19
14.10.19 10:00:08,17.42,3.19
14.10.19 10:05:06,,2.72
14.10.19 10:10:03,16.5,2.72
14.10.19 10:15:00,16.5,2.72
14.10.19 10:20:07,16.5,2.72
14.10.19 10:25:04,16.5,2.72
14.10.19 10:30:01,16.5,2.72
14.10.19 10:35:09,,2.4
14.10.19 10:40:06,15.59,2.4
14.10.19 10:45:03,15.59,2.4
14.10.19 10:50:00,15.59,2.4
14.10.19 10:55:07,15.59,2.4
14.10.19 11:00:04,15.59,2.4
14.10.19 11:05:02,,2.45
14.10.19 11:10:09,15.21,2.45
14.10.19 11:15:06,15.21,2.45
14.10.19 11:20:03,15.21,2.45
14.10.19 11:25:00,15.21,2.45
14.10.19 11:30:07,15.21,2.45
14.10.19 11:35:05,,3.13
14.10.19 11:40:02,15.52,3.13
14.10.19 11:45:09,15.52,3.13
14.10.19 11:50:06,15.52,3.13
14.10.19 11:55:03,15.52,3.13
14.10.19 12:00:01,15.52,3.13
14.10.19 12:05:08,,3.45
14.10.19 12:10:05,17.34,3.45
14.10.19 12:15:03,17.34,3.45
14.10.19 12:20:00,17.34,3.45
14.10.19 12:25:07,17.34,3.45
14.10.19 12:30:04,17.34,3.45
14.10.19 12:35:02,,3.61
14.10.19 12:40:09,18.85,3.61
14.10.19 12:45:06,18.85,3.61
14.10.19 12:50:03,18.85,3.61
14.10.19 12:55:00,18.85,3.61
14.10.19 13:00:07,18.85,3.61
14.10.19 13:05:05,,3.68
14.10.19 13:10:02,20.52,3.68
14.10.19 13:15:09,20.52,3.68
14.10.19 13:20:06,20.52,3.68
14.10.19 13:25:03,20.52,3.68
14.10.19 13:30:00,20.52,3.68
14.10.19 13:35:08,,3.81
14.10.19 13:40:05,22.52,3.81
14.10.19 13:45:02,22.52,3.81
14.10.19 13:50:09,22.52,3.81
14.10.19 13:55:06,22.52,3.81
14.10.19 14:00:03,22.52,3.81
14.10.19 14:05:01,,4.04
14.10.19 14:10:08,24.73,4.04
14.10.19 14:15:05,24.73,4.04
14.10.19 14:20:02,24.73,4.04
14.10.19 14:25:09,24.73,4.04
14.10.19 14:30:06,24.73,4.04
14.10.19 14:35:04,,4.35
14.10.19 14:40:02,26.4,4.35
14.10.19 14:45:09,26.4,4.35
14.10.19 14:50:06,26.4,4.35
14.10.19 14:55:03,26.4,4.35
14.10.19 15:00:00,26.4,4.35
14.10.19 15:05:09,,4.67
14.10.19 15:10:06,27.71,4.67
14.10.19 15:15:03,27.71,4.67
14.10.19 15:20:00,27.71,4.67
14.10.19 15:25:07,27.71,4.67
14.10.19 15:30:04,27.71,4.67
14.10.19 15:35:02,,4.99
14.10.19 15:40:09,29.12,4.99
14.10.19 15:45:06,29.12,4.99
14.10.19 15:50:03,29.12,4.99
14.10.19 15:55:01,29.12,4.99
14.10.19 16:00:08,29.12,4.99
14.10.19 16:05:06,,5.27
14.10.19 16:10:03,30.71,5.27
14.10.19 16:15:00,30.71,5.27
14.10.19 16:20:07,30.71,5.27
14.10.19 16:25:04,30.71,5.27
14.10.19 16:30:01,30.71,5.27
14.10.19 16:35:09,,5.4
14.10.19 16:40:06,31.76,5.4
14.10.19 16:45:03,31.76,5.4
14.10.19 16:50:00,31.76,5.4
14.10.19 16:55:07,31.76,5.4
14.10.19 17:00:04,31.76,5.4
14.10.19 17:05:02,,5.67
14.10.19 17:10:09,32.68,5.67
14.10.19 17:15:06,32.68,5.67
14.10.19 17:20:03,32.68,5.67
14.10.19 17:25:00,32.68,5.67
14.10.19 17:30:07,32.68,5.67
14.10.19 17:35:05,,5.75
14.10.19 17:40:02,34.81,5.75
14.10.19 17:45:09,34.81,5.75
14.10.19 17:50:06,34.81,5.75
14.10.19 17:55:03,34.81,5.75
14.10.19 18:00:01,34.81,5.75
14.10.19 18:05:09,,5.74
14.10.19 18:10:06,35.28,5.74
14.10.19 18:15:03,35.28,5.74
14.10.19 18:20:00,35.28,5.74
14.10.19 18:25:07,35.28,5.74
14.10.19 18:30:04,35.28,5.74
14.10.19 18:35:02,,5.56
14.10.19 18:40:09,35.02,5.56
14.10.19 18:45:06,35.02,5.56
14.10.19 18:50:03,35.02,5.56
14.10.19 18:55:00,35.02,5.56
14.10.19 19:00:07,35.02,5.56
14.10.19 19:05:05,,5.26
14.10.19 19:10:02,34.95,5.26
14.10.19 19:15:00,34.95,5.26
14.10.19 19:20:07,34.95,5.26
14.10.19 19:25:04,34.95,5.26
14.10.19 19:30:01,34.95,5.26
14.10.19 19:35:09,,5.22
14.10.19 19:40:06,35.34,5.22
14.10.19 19:45:03,35.34,5.22
14.10.19 19:50:00,35.34,5.22
14.10.19 19:55:07,35.34,5.22
14.10.19 20:00:04,35.34,5.22
14.10.19 20:05:02,,5.14
14.10.19 20:10:09,34.72,5.14
14.10.19 20:15:06,34.72,5.14
14.10.19 20:20:03,34.72,5.14
14.10.19 20:25:01,34.72,5.14
14.10.19 20:30:08,34.72,5.14
14.10.19 20:35:06,,5.06
14.10.19 20:40:03,34.4,5.06
14.10.19 20:45:00,34.4,5.06
14.10.19 20:50:07,34.4,5.06
14.10.19 20:55:04,34.4,5.06
14.10.19 21:00:01,34.4,5.06
14.10.19 21:05:09,,4.93
14.10.19 21:10:06,33.9,4.93
14.10.19 21:15:03,33.9,4.93
14.10.19 21:20:00,33.9,4.93
14.10.19 21:25:07,33.9,4.93
14.10.19 21:30:04,33.9,4.93
14.10.19 21:35:02,,4.86
14.10.19 21:40:00,32.89,4.86
14.10.19 21:45:06,32.89,4.86
14.10.19 21:50:04,32.89,4.86
14.10.19 21:55:01,32.89,4.86
14.10.19 22:00:08,32.89,4.86
14.10.19 22:05:06,,4.79
14.10.19 22:10:03,32.41,4.79
14.10.19 22:15:00,32.41,4.79
14.10.19 22:20:07,32.41,4.79
14.10.19 22:25:04,32.41,4.79
14.10.19 22:30:01,32.41,4.79
14.10.19 22:35:09,,4.72
14.10.19 22:40:06,31.77,4.72
14.10.19 22:45:03,31.77,4.72
14.10.19 22:50:00,31.77,4.72
14.10.19 22:55:08,31.77,4.72
14.10.19 23:00:05,31.77,4.72
14.10.19 23:05:03,,4.65
14.10.19 23:10:00,30.82,4.65
14.10.19 23:15:07,30.82,4.65
14.10.19 23:20:04,30.82,4.65
14.10.19 23:25:01,30.82,4.65
14.10.19 23:30:08,30.82,4.65
14.10.19 23:35:06,,4.55
14.10.19 23:40:04,30.55,4.55
14.10.19 23:45:01,30.55,4.55
14.10.19 23:50:08,30.55,4.55
14.10.19 23:55:05,30.55,4.55
15.10.19 00:00:02,30.55,4.55
15.10.19 00:05:00,,4.57
15.10.19 00:10:07,29.39,4.57
15.10.19 00:15:04,29.39,4.57
15.10.19 00:20:01,29.39,4.57
15.10.19 00:25:08,29.39,4.57
15.10.19 00:30:05,29.39,4.57
15.10.19 00:35:03,,4.48
15.10.19 00:40:01,28.71,4.48
15.10.19 00:45:07,28.71,4.48
15.10.19 00:50:04,28.71,4.48
15.10.19 00:55:02,28.71,4.48
15.10.19 01:00:09,28.71,4.48
15.10.19 01:05:07,,4.59
15.10.19 01:10:04,27.42,4.59
15.10.19 01:15:01,27.42,4.59
15.10.19 01:20:08,27.42,4.59
15.10.19 01:25:05,27.42,4.59
15.10.19 01:30:02,27.42,4.59
15.10.19 01:35:00,,4.47
15.10.19 01:40:07,26.83,4.47
15.10.19 01:45:04,26.83,4.47
15.10.19 01:50:01,26.83,4.47
15.10.19 01:55:08,26.83,4.47
15.10.19 02:00:05,26.83,4.47
15.10.19 02:05:03,,4.32
15.10.19 02:10:00,25.99,4.32
15.10.19 02:15:07,25.99,4.32
15.10.19 02:20:04,25.99,4.32
15.10.19 02:25:01,25.99,4.32
15.10.19 02:30:08,25.99,4.32
15.10.19 02:35:06,,4.25
15.10.19 02:40:03,25.48,4.25
15.10.19 02:45:00,25.48,4.25
15.10.19 02:50:07,25.48,4.25
15.10.19 02:55:04,25.48,4.25
15.10.19 03:00:02,25.48,4.25
15.10.19 03:05:09,,4.2
15.10.19 03:10:06,24.82,4.2
15.10.19 03:15:03,24.82,4.2
15.10.19 03:20:01,24.82,4.2
15.10.19 03:25:08,24.82,4.2
15.10.19 03:30:05,24.82,4.2
15.10.19 03:35:02,,4.13
15.10.19 03:40:00,24.96,4.13
15.10.19 03:45:07,24.96,4.13
15.10.19 03:50:04,24.96,4.13
15.10.19 03:55:01,24.96,4.13
15.10.19 04:00:08,24.96,4.13
15.10.19 04:05:05,,4.26
15.10.19 04:10:03,24.52,4.26
15.10.19 04:15:00,24.52,4.26
15.10.19 04:20:07,24.52,4.26
15.10.19 04:25:04,24.52,4.26
15.10.19 04:30:01,24.52,4.26
15.10.19 04:35:09,,4.19
15.10.19 04:40:06,25.12,4.19
15.10.19 04:45:04,25.12,4.19
15.10.19 04:50:01,25.12,4.19
15.10.19 04:55:08,25.12,4.19
15.10.19 05:00:05,25.12,4.19
15.10.19 05:05:03,,4.21
15.10.19 05:10:00,24.17,4.21
15.10.19 05:15:07,24.17,4.21
15.10.19 05:20:04,24.17,4.21
15.10.19 05:25:01,24.17,4.21
15.10.19 05:30:08,24.17,4.21
15.10.19 05:35:06,,4.2
15.10.19 05:40:03,24.6,4.2
15.10.19 05:45:00,24.6,4.2
15.10.19 05:50:07,24.6,4.2
15.10.19 05:55:04,24.6,4.2
15.10.19 06:00:01,24.6,4.2
15.10.19 06:05:09,,4.11
15.10.19 06:10:06,24.62,4.11
15.10.19 06:15:03,24.62,4.11
15.10.19 06:20:00,24.62,4.11
15.10.19 06:25:07,24.62,4.11
15.10.19 06:30:04,24.62,4.11
15.10.19 06:35:03,,3.98
15.10.19 06:40:00,25.21,3.98
15.10.19 06:45:07,25.21,3.98
15.10.19 06:50:04,25.21,3.98
15.10.19 06:55:01,25.21,3.98
15.10.19 07:00:08,25.21,3.98
15.10.19 07:05:05,,
15.10.19 07:10:02,,
15.10.19 07:15:09,,
15.10.19 07:20:06,,
15.10.19 07:25:04,,2.03
15.10.19 07:30:01,,2.03
15.10.19 07:35:09,,3.46
15.10.19 07:40:06,18.16,3.46
15.10.19 07:45:03,18.16,3.46
15.10.19 07:50:00,18.16,3.46
15.10.19 07:55:07,18.16,3.46
15.10.19 08:00:04,18.16,3.46
15.10.19 08:05:02,,3.84
15.10.19 08:10:09,19.31,3.84
15.10.19 08:15:06,19.31,3.84
15.10.19 08:20:04,19.31,3.84
15.10.19 08:25:01,19.31,3.84
15.10.19 08:30:08,19.31,3.84
15.10.19 08:35:06,,4.09
15.10.19 08:40:03,20.33,4.09
15.10.19 08:45:00,20.33,4.09
15.10.19 08:50:07,20.33,4.09
15.10.19 08:55:04,20.33,4.09
15.10.19 09:00:01,20.33,4.09
15.10.19 09:05:09,,4.13
15.10.19 09:10:06,21.38,4.13
15.10.19 09:15:03,21.38,4.13
15.10.19 09:20:00,21.38,4.13
15.10.19 09:25:07,21.38,4.13
15.10.19 09:30:04,21.38,4.13
15.10.19 09:35:02,,4.15
15.10.19 09:40:09,22.38,4.15
15.10.19 09:45:06,22.38,4.15
15.10.19 09:50:03,22.38,4.15
15.10.19 09:55:00,22.38,4.15
15.10.19 10:00:07,22.38,4.15
15.10.19 10:05:05,,4.24
15.10.19 10:10:02,23.97,4.24
15.10.19 10:15:09,23.97,4.24
15.10.19 10:20:06,23.97,4.24
15.10.19 10:25:03,23.97,4.24
15.10.19 10:30:00,23.97,4.24
15.10.19 10:35:08,,4.82
15.10.19 10:40:05,26.36,4.82
15.10.19 10:45:02,26.36,4.82
15.10.19 10:50:09,26.36,4.82
15.10.19 10:55:06,26.36,4.82
15.10.19 11:00:03,26.36,4.82
15.10.19 11:05:01,,4.79
15.10.19 11:10:08,27.42,4.79
15.10.19 11:15:05,27.42,4.79
15.10.19 11:20:02,27.42,4.79
15.10.19 11:25:09,27.42,4.79
15.10.19 11:30:06,27.42,4.79
15.10.19 11:35:04,,5.03
15.10.19 11:40:01,28.84,5.03
15.10.19 11:45:08,28.84,5.03
15.10.19 11:50:06,28.84,5.03
15.10.19 11:55:03,28.84,5.03
15.10.19 12:00:00,28.84,5.03
15.10.19 12:05:08,,5.34
15.10.19 12:10:05,31.12,5.34
15.10.19 12:15:03,31.12,5.34
15.10.19 12:20:00,31.12,5.34
15.10.19 12:25:07,31.12,5.34
15.10.19 12:30:04,31.12,5.34
15.10.19 12:35:02,,5.62
15.10.19 12:40:09,32.34,5.62
15.10.19 12:45:06,32.34,5.62
15.10.19 12:50:04,32.34,5.62
15.10.19 12:55:01,32.34,5.62
15.10.19 13:00:08,32.34,5.62
15.10.19 13:05:06,,5.77
15.10.19 13:10:03,33.46,5.77
15.10.19 13:15:00,33.46,5.77
15.10.19 13:20:07,33.46,5.77
15.10.19 13:25:04,33.46,5.77
15.10.19 13:30:01,33.46,5.77
15.10.19 13:35:09,,6.14
15.10.19 13:40:06,35.14,6.14
15.10.19 13:45:03,35.14,6.14
15.10.19 13:50:00,35.14,6.14
15.10.19 13:55:07,35.14,6.14
15.10.19 14:00:05,35.14,6.14
15.10.19 14:05:03,,6.45
15.10.19 14:10:00,36.54,6.45
15.10.19 14:15:07,36.54,6.45
15.10.19 14:20:04,36.54,6.45
15.10.19 14:25:01,36.54,6.45
15.10.19 14:30:08,36.54,6.45
15.10.19 14:35:06,,6.92
15.10.19 14:40:03,39.18,6.92
15.10.19 14:45:00,39.18,6.92
15.10.19 14:50:07,39.18,6.92
15.10.19 14:55:04,39.18,6.92
15.10.19 15:00:01,39.18,6.92
15.10.19 15:05:08,,7.17
15.10.19 15:10:06,39.46,7.17
15.10.19 15:15:03,39.46,7.17
15.10.19 15:20:00,39.46,7.17
15.10.19 15:25:06,39.46,7.17
15.10.19 15:30:04,39.46,7.17
15.10.19 15:35:02,,7.38
15.10.19 15:40:09,,7.38
15.10.19 15:45:07,,7.38
15.10.19 15:50:04,,7.38
15.10.19 15:55:01,,7.38
15.10.19 16:00:09,,7.38
15.10.19 16:05:07,,7.56
15.10.19 16:10:04,,7.56
15.10.19 16:15:01,,7.56
15.10.19 16:20:08,,7.56
15.10.19 16:25:05,,7.56
15.10.19 16:30:02,,7.56
15.10.19 16:35:09,,7.75
15.10.19 16:40:06,,7.75
15.10.19 16:45:03,,7.75
15.10.19 16:50:01,,7.75
15.10.19 16:55:08,,7.75
15.10.19 17:00:05,,7.75
15.10.19 17:05:02,,7.89
15.10.19 17:10:09,,7.89
15.10.19 17:15:06,,7.89
15.10.19 17:20:03,,7.89
15.10.19 17:25:00,,7.89
15.10.19 17:30:07,,7.89
15.10.19 17:35:04,,8.05
15.10.19 17:40:01,,8.05
15.10.19 17:45:08,,8.05
15.10.19 17:50:05,,8.05
15.10.19 17:55:02,,8.05
15.10.19 18:00:09,,8.05
15.10.19 18:05:06,,8.23
15.10.19 18:10:03,,8.23
15.10.19 18:15:01,,8.23
15.10.19 18:20:07,,8.23
15.10.19 18:25:05,,8.23
15.10.19 18:30:02,,8.23
15.10.19 18:35:09,,7.75
15.10.19 18:40:05,,7.75
15.10.19 18:45:03,,7.75
15.10.19 18:50:00,,7.75
15.10.19 18:55:07,,7.75
15.10.19 19:00:04,,7.75
15.10.19 19:05:01,,7.11
15.10.19 19:10:08,,7.11
15.10.19 19:15:05,,7.11
15.10.19 19:20:02,,7.11
15.10.19 19:25:09,,7.11
15.10.19 19:30:06,,7.11
15.10.19 19:35:04,,7.13
15.10.19 19:40:01,,7.13
15.10.19 19:45:08,,7.13
15.10.19 19:50:05,,7.13
15.10.19 19:55:02,,7.13
15.10.19 20:00:09,,7.13
15.10.19 20:05:06,,7.01
15.10.19 20:10:03,,7.01
15.10.19 20:15:00,,7.01
15.10.19 20:20:07,,7.01
15.10.19 20:25:04,,7.01
15.10.19 20:30:01,,7.01
15.10.19 20:35:08,,7.05
15.10.19 20:40:05,,7.05
15.10.19 20:45:02,,7.05
15.10.19 20:50:09,,7.05
15.10.19 20:55:06,,7.05
15.10.19 21:00:03,,7.05
15.10.19 21:05:00,,7.04
15.10.19 21:10:07,,7.04
15.10.19 21:15:04,,7.04
15.10.19 21:20:01,,7.04
15.10.19 21:25:09,,7.04
15.10.19 21:30:06,,7.04
15.10.19 21:35:03,,7.16
15.10.19 21:40:00,,7.16
15.10.19 21:45:07,,7.16
15.10.19 21:50:04,,7.16
15.10.19 21:55:01,,7.16
15.10.19 22:00:08,,7.16
15.10.19 22:05:05,,7.22
15.10.19 22:10:02,,7.22
15.10.19 22:15:09,,7.22
15.10.19 22:20:06,,7.22
15.10.19 22:25:03,,7.22
15.10.19 22:30:00,,7.22
15.10.19 22:35:07,,7.25
15.10.19 22:40:04,,7.25
15.10.19 22:45:01,,7.25
15.10.19 22:50:08,,7.25
15.10.19 22:55:05,,7.25
15.10.19 23:00:02,,7.25
15.10.19 23:05:09,,7.31
15.10.19 23:10:06,,7.31
15.10.19 23:15:03,,7.31
15.10.19 23:20:00,,7.31
15.10.19 23:25:07,,7.31
15.10.19 23:30:05,,7.31
15.10.19 23:35:02,,7.29
15.10.19 23:40:09,,7.29
15.10.19 23:45:06,,7.29
15.10.19 23:50:03,,7.29
15.10.19 23:55:00,,7.29
16.10.19 00:00:07,,7.29
16.10.19 00:05:04,,7.29
16.10.19 00:10:01,,7.29
16.10.19 00:15:08,,7.29
16.10.19 00:20:05,,7.29
16.10.19 00:25:02,,7.29
16.10.19 00:30:09,,7.29
16.10.19 00:35:06,,7.23
16.10.19 00:40:03,,7.23
16.10.19 00:45:00,,7.23
16.10.19 00:50:07,,7.23
16.10.19 00:55:04,,7.23
16.10.19 01:00:02,,7.23
16.10.19 01:05:09,,7.17
16.10.19 01:10:06,,7.17
16.10.19 01:15:03,,7.17
16.10.19 01:20:00,,7.17
16.10.19 01:25:07,,7.17
16.10.19 01:30:04,,7.17
16.10.19 01:35:01,,7.2
16.10.19 01:40:08,,7.2
16.10.19 01:45:05,,7.2
16.10.19 01:50:02,,7.2
16.10.19 01:55:09,,7.2
16.10.19 02:00:06,,7.2
16.10.19 02:05:03,,7.28
16.10.19 02:10:00,,7.28
16.10.19 02:15:07,,7.28
16.10.19 02:20:04,,7.28
16.10.19 02:25:01,,7.28
16.10.19 02:30:08,,7.28
16.10.19 02:35:05,,7.19
16.10.19 02:40:02,,7.19
16.10.19 02:45:09,,7.19
16.10.19 02:50:07,,7.19
16.10.19 02:55:04,,7.19
16.10.19 03:00:01,,7.19
16.10.19 03:05:08,,7.08
16.10.19 03:10:05,,7.08
16.10.19 03:15:02,,7.08
16.10.19 03:20:09,,7.08
16.10.19 03:25:06,,7.08
16.10.19 03:30:03,,7.08
16.10.19 03:35:00,,7.22
16.10.19 03:40:07,,7.22
16.10.19 03:45:04,,7.22
16.10.19 03:50:01,,7.22
16.10.19 03:55:08,,7.22
16.10.19 04:00:05,,7.22
16.10.19 04:05:02,,7.13
16.10.19 04:10:09,,7.13
16.10.19 04:15:06,,7.13
16.10.19 04:20:03,,7.13
16.10.19 04:25:00,,7.13
16.10.19 04:30:07,,7.13
16.10.19 04:35:04,,7.32
16.10.19 04:40:01,,7.32
16.10.19 04:45:08,,7.32
16.10.19 04:50:05,,7.32
16.10.19 04:55:02,,7.32
16.10.19 05:00:00,,7.32
16.10.19 05:05:06,,7.27
16.10.19 05:10:04,,7.27
16.10.19 05:15:01,,7.27
16.10.19 05:20:08,,7.27
16.10.19 05:25:05,,7.27
16.10.19 05:30:02,,7.27
16.10.19 05:35:09,,7.23
16.10.19 05:40:06,,7.23
16.10.19 05:45:03,,7.23
16.10.19 05:50:00,,7.23
16.10.19 05:55:06,,7.23
16.10.19 06:00:04,,7.23
16.10.19 06:05:01,,7.12
16.10.19 06:10:07,,7.12
16.10.19 06:15:05,,7.12
16.10.19 06:20:02,,7.12
16.10.19 06:25:09,,7.12
16.10.19 06:30:06,,7.12
16.10.19 06:35:03,,7.03
16.10.19 06:40:00,,7.03
16.10.19 06:45:07,,7.03
16.10.19 06:50:04,,7.03
16.10.19 06:55:01,,7.03
16.10.19 07:00:08,,7.03
16.10.19 07:05:05,,
16.10.19 07:10:02,,
16.10.19 07:15:09,,
16.10.19 07:20:06,,
16.10.19 07:25:03,,4.15
16.10.19 07:30:01,,4.15
16.10.19 07:35:08,,6.31
16.10.19 07:40:05,,6.31
16.10.19 07:45:02,,6.31
16.10.19 07:50:09,,6.31
16.10.19 07:55:06,,6.31
16.10.19 08:00:03,,6.31
16.10.19 08:05:00,,6.86
16.10.19 08:10:07,,6.86
16.10.19 08:15:04,,6.86
16.10.19 08:20:01,,6.86
16.10.19 08:25:08,,6.86
16.10.19 08:30:05,,6.86
16.10.19 08:35:02,,6.77
16.10.19 08:40:00,,6.77
16.10.19 08:45:06,,6.77
16.10.19 08:50:04,,6.77
16.10.19 08:55:01,,6.77
16.10.19 09:00:08,,6.77
16.10.19 09:05:05,,6.57
16.10.19 09:10:02,,6.57
16.10.19 09:15:09,,6.57
16.10.19 09:20:06,,6.57
16.10.19 09:25:03,,6.57
16.10.19 09:30:00,,6.57
16.10.19 09:35:07,,6.37
16.10.19 09:40:04,,6.37
16.10.19 09:45:01,,6.37
16.10.19 09:50:08,,6.37
16.10.19 09:55:05,,6.37
16.10.19 10:00:02,,6.37
16.10.19 10:05:09,,6.16
16.10.19 10:10:06,,6.16
16.10.19 10:15:03,,6.16
16.10.19 10:20:00,,6.16
16.10.19 10:25:07,,6.16
16.10.19 10:30:04,,6.16
16.10.19 10:35:01,,6.16
16.10.19 10:40:09,,6.16
16.10.19 10:45:06,,6.16
16.10.19 10:50:03,,6.16
16.10.19 10:55:01,,6.16
16.10.19 11:00:08,,6.16
16.10.19 11:05:05,,6.28
16.10.19 11:10:02,,6.28
16.10.19 11:15:09,39.83,6.28
16.10.19 11:20:06,39.83,6.28
16.10.19 11:25:04,39.83,6.28
16.10.19 11:30:01,39.83,6.28
16.10.19 11:35:08,,6.48
16.10.19 11:40:06,42.37,6.48
16.10.19 11:45:03,42.37,6.48
16.10.19 11:50:00,42.37,6.48
16.10.19 11:55:07,42.37,6.48
16.10.19 12:00:04,42.37,6.48
16.10.19 12:05:01,,6.48
16.10.19 12:10:08,,6.48
16.10.19 12:15:05,,6.48
16.10.19 12:20:03,,6.48
16.10.19 12:25:00,,6.48
16.10.19 12:30:07,44.21,6.48
16.10.19 12:35:05,,6.66
16.10.19 12:40:02,44.74,6.66
16.10.19 12:45:09,44.74,6.66
16.10.19 12:50:06,44.74,6.66
16.10.19 12:55:03,44.74,6.66
16.10.19 13:00:00,44.74,6.66
16.10.19 13:05:08,,6.71
16.10.19 13:10:05,46.85,6.71
16.10.19 13:15:02,46.85,6.71
16.10.19 13:20:09,46.85,6.71
16.10.19 13:25:06,46.85,6.71
16.10.19 13:30:03,46.85,6.71
16.10.19 13:35:01,,6.78
16.10.19 13:40:08,47.86,6.78
16.10.19 13:45:06,47.86,6.78
16.10.19 13:50:03,47.86,6.78
16.10.19 13:55:00,47.86,6.78
16.10.19 14:00:07,,6.78
16.10.19 14:05:04,,6.74
16.10.19 14:10:01,,
16.10.19 14:15:08,45.87,0.88
16.10.19 14:20:05,45.87,0.88
16.10.19 14:25:03,45.87,0.88
16.10.19 14:30:00,45.87,0.88
16.10.19 14:35:07,,4.52
16.10.19 14:40:05,48.3,4.52
16.10.19 14:45:02,48.3,4.52
16.10.19 14:50:09,48.3,4.52
16.10.19 14:55:06,48.3,4.52
16.10.19 15:00:03,48.3,4.52
16.10.19 15:05:01,,6.7
16.10.19 15:10:08,49.86,6.7
16.10.19 15:15:05,49.86,6.7
16.10.19 15:20:02,49.86,6.7
16.10.19 15:25:09,49.86,6.7
16.10.19 15:30:06,49.86,6.7
16.10.19 15:35:04,,6.99
16.10.19 15:40:01,50.55,6.99
16.10.19 15:45:08,50.55,6.99
16.10.19 15:50:05,50.55,6.99
16.10.19 15:55:02,50.55,6.99
16.10.19 16:00:09,50.55,6.99
16.10.19 16:05:07,,7.11
16.10.19 16:10:04,51.69,7.11
16.10.19 16:15:01,51.69,7.11
16.10.19 16:20:08,51.69,7.11
16.10.19 16:25:05,51.69,7.11
16.10.19 16:30:02,51.69,7.11
16.10.19 16:35:00,,7.07
16.10.19 16:40:07,51.96,7.07
16.10.19 16:45:04,51.96,7.07
16.10.19 16:50:02,51.96,7.07
16.10.19 16:55:09,51.96,7.07
16.10.19 17:00:06,51.96,7.07
16.10.19 17:05:04,,7.04
16.10.19 17:10:01,52.54,7.04
16.10.19 17:15:08,52.54,7.04
16.10.19 17:20:05,52.54,7.04
16.10.19 17:25:02,52.54,7.04
16.10.19 17:30:09,52.54,7.04
16.10.19 17:35:07,,7.09
16.10.19 17:40:04,52.53,7.09
16.10.19 17:45:01,52.53,7.09
16.10.19 17:50:08,52.53,7.09
16.10.19 17:55:05,52.53,7.09
16.10.19 18:00:02,52.53,7.09
16.10.19 18:05:00,,7.06
16.10.19 18:10:07,53.41,7.06
16.10.19 18:15:05,53.41,7.06
16.10.19 18:20:02,53.41,7.06
16.10.19 18:25:09,53.41,7.06
16.10.19 18:30:06,53.41,7.06
16.10.19 18:35:03,,6.99
16.10.19 18:40:01,53.96,6.99
16.10.19 18:45:08,53.96,6.99
16.10.19 18:50:05,53.96,6.99
16.10.19 18:55:02,53.96,6.99
16.10.19 19:00:09,53.96,6.99
16.10.19 19:05:07,,6.96
16.10.19 19:10:04,53.76,6.96
16.10.19 19:15:01,53.76,6.96
16.10.19 19:20:08,53.76,6.96
16.10.19 19:25:05,53.76,6.96
16.10.19 19:30:02,53.76,6.96
16.10.19 19:35:00,,6.93
16.10.19 19:40:07,54.63,6.93
16.10.19 19:45:04,54.63,6.93
16.10.19 19:50:01,54.63,6.93
16.10.19 19:55:08,54.63,6.93
16.10.19 20:00:05,54.63,6.93
16.10.19 20:05:03,,7.06
16.10.19 20:10:00,56.61,7.06
16.10.19 20:15:07,56.61,7.06
16.10.19 20:20:04,56.61,7.06
16.10.19 20:25:01,56.61,7.06
16.10.19 20:30:08,56.61,7.06
16.10.19 20:35:06,,7.01
16.10.19 20:40:03,54.75,7.01
16.10.19 20:45:00,54.75,7.01
16.10.19 20:50:07,54.75,7.01
16.10.19 20:55:04,54.75,7.01
16.10.19 21:00:01,54.75,7.01
16.10.19 21:05:09,,7.01
16.10.19 21:10:06,54.51,7.01
16.10.19 21:15:03,54.51,7.01
16.10.19 21:20:00,54.51,7.01
16.10.19 21:25:07,54.51,7.01
16.10.19 21:30:04,54.51,7.01
16.10.19 21:35:02,,6.97
16.10.19 21:40:09,55.19,6.97
16.10.19 21:45:06,55.19,6.97
16.10.19 21:50:04,55.19,6.97
16.10.19 21:55:01,55.19,6.97
16.10.19 22:00:08,55.19,6.97
16.10.19 22:05:06,,6.91
16.10.19 22:10:03,54.77,6.91
16.10.19 22:15:00,54.77,6.91
16.10.19 22:20:07,54.77,6.91
16.10.19 22:25:04,54.77,6.91
16.10.19 22:30:01,54.77,6.91
16.10.19 22:35:09,,6.87
16.10.19 22:40:06,54.19,6.87
16.10.19 22:45:03,54.19,6.87
16.10.19 22:50:00,54.19,6.87
16.10.19 22:55:07,54.19,6.87
16.10.19 23:00:04,54.19,6.87
16.10.19 23:05:02,,6.73
16.10.19 23:10:09,54.72,6.73
16.10.19 23:15:06,54.72,6.73
16.10.19 23:20:04,54.72,6.73
16.10.19 23:25:01,54.72,6.73
16.10.19 23:30:07,54.72,6.73
16.10.19 23:35:05,,6.72
16.10.19 23:40:03,55.12,6.72
16.10.19 23:45:00,55.12,6.72
16.10.19 23:50:07,55.12,6.72
16.10.19 23:55:04,55.12,6.72
17.10.19 00:00:01,55.12,6.72
17.10.19 00:05:08,,6.6
17.10.19 00:10:05,55.03,6.6
17.10.19 00:15:02,55.03,6.6
17.10.19 00:20:09,55.03,6.6
17.10.19 00:25:06,55.03,6.6
17.10.19 00:30:03,55.03,6.6
17.10.19 00:35:01,,6.55
17.10.19 00:40:08,54.35,6.55
17.10.19 00:45:05,54.35,6.55
17.10.19 00:50:02,54.35,6.55
17.10.19 00:55:09,54.35,6.55
17.10.19 01:00:07,54.35,6.55
17.10.19 01:05:04,,6.56
17.10.19 01:10:01,55.3,6.56
17.10.19 01:15:08,55.3,6.56
17.10.19 01:20:05,55.3,6.56
17.10.19 01:25:03,55.3,6.56
17.10.19 01:30:00,55.3,6.56
17.10.19 01:35:07,,6.62
17.10.19 01:40:04,54.81,6.62
17.10.19 01:45:01,54.81,6.62
17.10.19 01:50:08,54.81,6.62
17.10.19 01:55:05,54.81,6.62
17.10.19 02:00:03,54.81,6.62
17.10.19 02:05:00,,6.61
17.10.19 02:10:08,55.11,6.61
17.10.19 02:15:05,55.11,6.61
17.10.19 02:20:02,55.11,6.61
17.10.19 02:25:09,55.11,6.61
17.10.19 02:30:06,55.11,6.61
17.10.19 02:35:03,,6.64
17.10.19 02:40:01,54.68,6.64
17.10.19 02:45:07,54.68,6.64
17.10.19 02:50:05,54.68,6.64
17.10.19 02:55:02,54.68,6.64
17.10.19 03:00:09,54.68,6.64
17.10.19 03:05:06,,6.88
17.10.19 03:10:03,56.75,6.88
17.10.19 03:15:01,56.75,6.88
17.10.19 03:20:08,56.75,6.88
17.10.19 03:25:05,56.75,6.88
17.10.19 03:30:02,56.75,6.88
17.10.19 03:35:09,,6.96
17.10.19 03:40:06,55.89,6.96
17.10.19 03:45:03,55.89,6.96
17.10.19 03:50:01,55.89,6.96
17.10.19 03:55:08,55.89,6.96
17.10.19 04:00:05,55.89,6.96
17.10.19 04:05:03,,7.13
17.10.19 04:10:00,57.29,7.13
17.10.19 04:15:07,57.29,7.13
17.10.19 04:20:04,57.29,7.13
17.10.19 04:25:01,57.29,7.13
17.10.19 04:30:08,57.29,7.13
17.10.19 04:35:06,,7.17
17.10.19 04:40:03,54.94,7.17
17.10.19 04:45:00,54.94,7.17
17.10.19 04:50:07,54.94,7.17
17.10.19 04:55:04,54.94,7.17
17.10.19 05:00:01,54.94,7.17
17.10.19 05:05:09,,7.31
17.10.19 05:10:06,56.03,7.31
17.10.19 05:15:03,56.03,7.31
17.10.19 05:20:04,,
17.10.19 05:25:01,,7.46
17.10.19 05:30:08,56.85,7.46
17.10.19 05:35:06,,7.69
17.10.19 05:40:03,57.74,7.69
17.10.19 05:45:00,57.74,7.69
17.10.19 05:50:07,57.74,7.69
17.10.19 05:55:04,57.74,7.69
17.10.19 06:00:01,57.74,7.69
17.10.19 06:05:08,,6.73
17.10.19 06:10:05,57.28,6.73
17.10.19 06:15:03,57.28,6.73
17.10.19 06:20:00,57.28,6.73
17.10.19 06:25:07,57.28,6.73
17.10.19 06:30:04,57.28,6.73
17.10.19 06:35:01,,6.2
17.10.19 06:40:08,56.14,6.2
17.10.19 06:45:05,56.14,6.2
17.10.19 06:50:03,56.14,6.2
17.10.19 06:55:00,56.14,6.2
17.10.19 07:00:07,56.14,6.2
17.10.19 07:05:04,,
17.10.19 07:10:01,,
17.10.19 07:15:08,,
17.10.19 07:20:05,,
17.10.19 07:25:03,,3.07
17.10.19 07:30:00,,3.07
17.10.19 07:35:07,,4.98
17.10.19 07:40:04,33.35,4.98
17.10.19 07:45:02,33.35,4.98
17.10.19 07:50:09,33.35,4.98
17.10.19 07:55:06,33.35,4.98
17.10.19 08:00:03,33.35,4.98
17.10.19 08:05:01,,5.66
17.10.19 08:10:08,34.31,5.66
17.10.19 08:15:06,34.31,5.66
17.10.19 08:20:03,34.31,5.66
17.10.19 08:25:00,34.31,5.66
17.10.19 08:30:07,34.31,5.66
17.10.19 08:35:05,,5.8
17.10.19 08:40:02,34.86,5.8
17.10.19 08:45:09,34.86,5.8
17.10.19 08:50:06,34.86,5.8
17.10.19 08:55:03,34.86,5.8
17.10.19 09:00:00,34.86,5.8
17.10.19 09:05:07,,5.77
17.10.19 09:10:04,34,5.77
17.10.19 09:15:02,34,5.77
17.10.19 09:20:08,34,5.77
17.10.19 09:25:06,34,5.77
17.10.19 09:30:03,34,5.77
17.10.19 09:35:00,,5.83
17.10.19 09:40:08,34.81,5.83
17.10.19 09:45:05,34.81,5.83
17.10.19 09:50:02,34.81,5.83
17.10.19 09:55:09,34.81,5.83
17.10.19 10:00:06,34.81,5.83
17.10.19 10:05:04,,5.95
17.10.19 10:10:01,34.52,5.95
17.10.19 10:15:08,34.52,5.95
17.10.19 10:20:05,34.52,5.95
17.10.19 10:25:02,34.52,5.95
17.10.19 10:30:09,34.52,5.95
17.10.19 10:35:07,,5.88
17.10.19 10:40:04,35.65,5.88
17.10.19 10:45:01,35.65,5.88
17.10.19 10:50:08,35.65,5.88
17.10.19 10:55:05,35.65,5.88
17.10.19 11:00:02,35.65,5.88
17.10.19 11:05:00,,5.91
17.10.19 11:10:07,36.83,5.91
17.10.19 11:15:04,36.83,5.91
17.10.19 11:20:01,36.83,5.91
17.10.19 11:25:08,36.83,5.91
17.10.19 11:30:05,36.83,5.91
17.10.19 11:35:03,,5.87
17.10.19 11:40:00,36.91,5.87
17.10.19 11:45:07,36.91,5.87
17.10.19 11:50:04,36.91,5.87
17.10.19 11:55:01,36.91,5.87
17.10.19 12:00:08,36.91,5.87
17.10.19 12:05:06,,5.91
17.10.19 12:10:03,,5.91
17.10.19 12:15:00,,5.91
17.10.19 12:20:08,,5.91
17.10.19 12:25:05,,5.91
17.10.19 12:30:02,,5.91
17.10.19 12:35:09,,5.78
17.10.19 12:40:06,,5.78
17.10.19 12:45:03,,5.78
17.10.19 12:50:00,,5.78
17.10.19 12:55:07,,5.78
17.10.19 13:00:04,,5.78
17.10.19 13:05:01,,5.81
17.10.19 13:10:08,,5.81
17.10.19 13:15:05,,5.81
17.10.19 13:20:02,,5.81
17.10.19 13:25:09,,5.81
17.10.19 13:30:06,,5.81
17.10.19 13:35:03,,5.77
17.10.19 13:40:00,,5.77
17.10.19 13:45:07,,5.77
17.10.19 13:50:04,,5.77
17.10.19 13:55:02,,5.77
17.10.19 14:00:09,,5.77
17.10.19 14:05:06,,5.85
17.10.19 14:10:03,,5.85
17.10.19 14:15:00,,5.85
17.10.19 14:20:07,,5.85
17.10.19 14:25:04,,5.85
17.10.19 14:30:01,,5.85
17.10.19 14:35:08,,5.69
17.10.19 14:40:05,,5.69
17.10.19 14:45:02,,5.69
17.10.19 14:50:09,,5.69
17.10.19 14:55:06,,5.69
17.10.19 15:00:03,,5.69
17.10.19 15:05:00,,5.55
17.10.19 15:10:07,,5.55
17.10.19 15:15:04,,5.55
17.10.19 15:20:01,,5.55
17.10.19 15:25:08,,5.55
17.10.19 15:30:05,,5.55
17.10.19 15:35:02,,5.47
17.10.19 15:40:09,,5.47
17.10.19 15:45:06,,5.47
17.10.19 15:50:03,,5.47
17.10.19 15:55:00,,5.47
17.10.19 16:00:07,,5.47
17.10.19 16:05:04,,5.31
17.10.19 16:10:01,,5.31
17.10.19 16:15:08,,5.31
17.10.19 16:20:05,,5.31
17.10.19 16:25:02,,5.31
17.10.19 16:30:09,,5.31
17.10.19 16:35:06,,5.14
17.10.19 16:40:04,,5.14
17.10.19 16:45:01,,5.14
17.10.19 16:50:08,,5.14
17.10.19 16:55:05,,5.14
17.10.19 17:00:03,,5.14
17.10.19 17:05:00,,5.06
17.10.19 17:10:08,,5.06
17.10.19 17:15:05,24.43,5.06
17.10.19 17:20:02,24.43,5.06
17.10.19 17:25:09,24.43,5.06
17.10.19 17:30:06,24.43,5.06
17.10.19 17:35:04,,5
17.10.19 17:40:01,26.16,5
17.10.19 17:45:08,26.16,5
17.10.19 17:50:05,26.16,5
17.10.19 17:55:02,26.16,5
17.10.19 18:00:09,26.16,5
17.10.19 18:05:07,,4.86
17.10.19 18:10:04,26.82,4.86
17.10.19 18:15:01,26.82,4.86
17.10.19 18:20:08,26.82,4.86
17.10.19 18:25:05,26.82,4.86
17.10.19 18:30:02,26.82,4.86
17.10.19 18:35:00,,4.74
17.10.19 18:40:07,26.7,4.74
17.10.19 18:45:04,26.7,4.74
17.10.19 18:50:02,26.7,4.74
17.10.19 18:55:09,26.7,4.74
17.10.19 19:00:06,26.7,4.74
17.10.19 19:05:04,,4.68
17.10.19 19:10:01,27.53,4.68
17.10.19 19:15:08,27.53,4.68
17.10.19 19:20:05,27.53,4.68
17.10.19 19:25:02,27.53,4.68
17.10.19 19:30:09,27.53,4.68
17.10.19 19:35:07,,4.56
17.10.19 19:40:04,27.68,4.56
17.10.19 19:45:01,27.68,4.56
17.10.19 19:50:08,27.68,4.56
17.10.19 19:55:05,27.68,4.56
17.10.19 20:00:02,27.68,4.56
17.10.19 20:05:00,,4.64
17.10.19 20:10:07,28.33,4.64
17.10.19 20:15:05,28.33,4.64
17.10.19 20:20:02,28.33,4.64
17.10.19 20:25:09,28.33,4.64
17.10.19 20:30:06,28.33,4.64
17.10.19 20:35:04,,4.45
17.10.19 20:40:01,29.41,4.45
17.10.19 20:45:08,29.41,4.45
17.10.19 20:50:05,29.41,4.45
17.10.19 20:55:02,29.41,4.45
17.10.19 21:00:09,29.41,4.45
17.10.19 21:05:07,,4.63
17.10.19 21:10:05,30.27,4.63
17.10.19 21:15:02,30.27,4.63
17.10.19 21:20:09,30.27,4.63
17.10.19 21:25:06,30.27,4.63
17.10.19 21:30:03,30.27,4.63
17.10.19 21:35:01,,4.69
17.10.19 21:40:08,31.68,4.69
17.10.19 21:45:05,31.68,4.69
17.10.19 21:50:03,31.68,4.69
17.10.19 21:55:00,31.68,4.69
17.10.19 22:00:06,31.68,4.69
17.10.19 22:05:05,,4.6
17.10.19 22:10:02,32.11,4.6
17.10.19 22:15:09,32.11,4.6
17.10.19 22:20:06,32.11,4.6
17.10.19 22:25:03,32.11,4.6
17.10.19 22:30:00,32.11,4.6
17.10.19 22:35:08,,4.64
17.10.19 22:40:05,32.53,4.64
17.10.19 22:45:03,32.53,4.64
17.10.19 22:50:00,32.53,4.64
17.10.19 22:55:07,32.53,4.64
17.10.19 23:00:04,32.53,4.64
17.10.19 23:05:02,,4.63
17.10.19 23:10:09,34.11,4.63
17.10.19 23:15:06,34.11,4.63
17.10.19 23:20:03,34.11,4.63
17.10.19 23:25:00,34.11,4.63
17.10.19 23:30:07,34.11,4.63
17.10.19 23:35:05,,4.52
17.10.19 23:40:02,34.18,4.52
17.10.19 23:45:09,34.18,4.52
17.10.19 23:50:06,34.18,4.52
17.10.19 23:55:03,34.18,4.52
18.10.19 00:00:00,34.18,4.52
18.10.19 00:05:08,,4.57
18.10.19 00:10:05,36.27,4.57
18.10.19 00:15:03,36.27,4.57
18.10.19 00:20:00,36.27,4.57
18.10.19 00:25:07,36.27,4.57
18.10.19 00:30:04,36.27,4.57
18.10.19 00:35:02,,4.39
18.10.19 00:40:09,36.16,4.39
18.10.19 00:45:06,36.16,4.39
18.10.19 00:50:03,36.16,4.39
18.10.19 00:55:00,36.16,4.39
18.10.19 01:00:07,36.16,4.39
18.10.19 01:05:05,,4.51
18.10.19 01:10:02,36.54,4.51
18.10.19 01:15:09,36.54,4.51
18.10.19 01:20:06,36.54,4.51
18.10.19 01:25:03,36.54,4.51
18.10.19 01:30:01,36.54,4.51
18.10.19 01:35:08,,4.35
18.10.19 01:40:06,37.4,4.35
18.10.19 01:45:03,37.4,4.35
18.10.19 01:50:00,37.4,4.35
18.10.19 01:55:07,37.4,4.35
18.10.19 02:00:04,37.4,4.35
18.10.19 02:05:02,,4.36
18.10.19 02:10:09,38.12,4.36
18.10.19 02:15:06,38.12,4.36
18.10.19 02:20:03,38.12,4.36
18.10.19 02:25:00,38.12,4.36
18.10.19 02:30:07,38.12,4.36
18.10.19 02:35:05,,4.3
18.10.19 02:40:03,38.93,4.3
18.10.19 02:45:00,38.93,4.3
18.10.19 02:50:07,38.93,4.3
18.10.19 02:55:04,38.93,4.3
18.10.19 03:00:01,38.93,4.3
18.10.19 03:05:09,,4.18
18.10.19 03:10:06,39.39,4.18
18.10.19 03:15:03,39.39,4.18
18.10.19 03:20:00,39.39,4.18
18.10.19 03:25:07,39.39,4.18
18.10.19 03:30:04,39.39,4.18
18.10.19 03:35:02,,4.1
18.10.19 03:40:09,40.47,4.1
18.10.19 03:45:06,40.47,4.1
18.10.19 03:50:03,40.47,4.1
18.10.19 03:55:01,40.47,4.1
18.10.19 04:00:08,40.47,4.1
18.10.19 04:05:06,,4.06
18.10.19 04:10:03,40.59,4.06
18.10.19 04:15:00,40.59,4.06
18.10.19 04:20:07,40.59,4.06
18.10.19 04:25:04,40.59,4.06
18.10.19 04:30:01,40.59,4.06
18.10.19 04:35:09,,4.13
18.10.19 04:40:06,42.3,4.13
18.10.19 04:45:04,42.3,4.13
18.10.19 04:50:01,42.3,4.13
18.10.19 04:55:07,42.3,4.13
18.10.19 05:00:04,42.3,4.13
18.10.19 05:05:03,,4.05
18.10.19 05:10:00,42.85,4.05
18.10.19 05:15:07,42.85,4.05
18.10.19 05:20:04,42.85,4.05
18.10.19 05:25:01,42.85,4.05
18.10.19 05:30:08,42.85,4.05
18.10.19 05:35:06,,4.07
18.10.19 05:40:03,45.69,4.07
18.10.19 05:45:00,45.69,4.07
18.10.19 05:50:07,45.69,4.07
18.10.19 05:55:04,45.69,4.07
18.10.19 06:00:02,45.69,4.07
18.10.19 06:05:00,,3.99
18.10.19 06:10:07,46.23,3.99
18.10.19 06:15:04,46.23,3.99
18.10.19 06:20:01,46.23,3.99
18.10.19 06:25:08,46.23,3.99
18.10.19 06:30:05,46.23,3.99
18.10.19 06:35:03,,3.93
18.10.19 06:40:00,49.54,3.93
18.10.19 06:45:07,49.54,3.93
18.10.19 06:50:04,49.54,3.93
18.10.19 06:55:01,49.54,3.93
18.10.19 07:00:08,49.54,3.93
18.10.19 07:05:06,,
18.10.19 07:10:03,,
18.10.19 07:15:00,,
18.10.19 07:20:07,,
18.10.19 07:25:05,,1.85
18.10.19 07:30:02,,1.85
18.10.19 07:35:09,,3.32
18.10.19 07:40:06,16.09,3.32
18.10.19 07:45:03,16.09,3.32
18.10.19 07:50:00,16.09,3.32
18.10.19 07:55:07,16.09,3.32
18.10.19 08:00:04,16.09,3.32
18.10.19 08:05:02,,3.79
18.10.19 08:10:09,18.88,3.79
18.10.19 08:15:06,18.88,3.79
18.10.19 08:20:03,18.88,3.79
18.10.19 08:25:00,18.88,3.79
18.10.19 08:30:07,18.88,3.79
18.10.19 08:35:05,,4
18.10.19 08:40:02,20.92,4
18.10.19 08:45:09,20.92,4
18.10.19 08:50:06,20.92,4
18.10.19 08:55:03,20.92,4
18.10.19 09:00:01,20.92,4
18.10.19 09:05:08,,4.01
18.10.19 09:10:05,22.33,4.01
18.10.19 09:15:02,22.33,4.01
18.10.19 09:20:09,22.33,4.01
18.10.19 09:25:06,22.33,4.01
18.10.19 09:30:03,22.33,4.01
18.10.19 09:35:01,,4.1
18.10.19 09:40:08,24.35,4.1
18.10.19 09:45:05,24.35,4.1
18.10.19 09:50:02,24.35,4.1
18.10.19 09:55:00,24.35,4.1
18.10.19 10:00:07,24.35,4.1
18.10.19 10:05:01,,4.33
18.10.19 10:10:08,27.25,4.33
18.10.19 10:15:05,27.25,4.33
18.10.19 10:20:02,27.25,4.33
18.10.19 10:25:09,27.25,4.33
18.10.19 10:30:06,27.25,4.33
18.10.19 10:35:04,,4.1
18.10.19 10:40:01,29.18,4.1
18.10.19 10:45:08,,
18.10.19 10:50:05,,
18.10.19 10:55:03,,
18.10.19 11:00:00,,
